ID,Sentence A,Sentence B
1,나는 최근 자율 주행 관련 이슈나 뉴스 등에 관심이 없습니다.,나는 자율 주행 관련 소프트웨어 업데이트에 관심이 없습니다.
2,나는 최근 자율 주행 관련 이슈나 뉴스 등에 관심이 없습니다.,나는 자율 주행 중 조는 행위에 대해 경각심이 없습니다.
3,나는 최근 자율 주행 관련 이슈나 뉴스 등에 관심이 없습니다.,"자율주행 시스템에서 발생할 수 있는 문제(e.g. 센서 오작동, 소프트웨어 오류, 해킹 등)가 거의 발생하지 않을 것이며, 발생하더라도 이를 해결해주는 장치가 있을 것이라고 믿습니다."
4,나는 최근 자율 주행 관련 이슈나 뉴스 등에 관심이 없습니다.,나는 조건부 자율 주행 중 조는 행위에 경각심이 있습니다.
5,나는 최근 자율 주행 관련 이슈나 뉴스 등에 관심이 없습니다.,자율 주행 기능은 온전하지 않으며 사람의 주행 상황 모니터링과 돌발 상황 대처를 위한 대응을 필요로 합니다.
6,나는 최근 자율 주행 관련 이슈나 뉴스 등에 관심이 없습니다.,자율 주행 기능이 자주 비활성화 될 것 같은 환경에서는 사람이 직접 운전하는 것이 낫습니다.
7,나는 최근 자율 주행 관련 이슈나 뉴스 등에 관심이 없습니다.,나는 자율 주행 시스템이 사용자의 개입 없이 모든 상황을 완벽하게 처리할 것이라고 생각합니다.
8,나는 최근 자율 주행 관련 이슈나 뉴스 등에 관심이 없습니다.,나는 자동 운전 중에도 제어권 전환에 대한 경각심을 가지고 있습니다.
9,나는 최근 자율 주행 관련 이슈나 뉴스 등에 관심이 없습니다.,자율 주행 시스템이 잘 작동하는 경우 시스템의 과속 운전은 허용해도 괜찮습니다.
10,나는 최근 자율 주행 관련 이슈나 뉴스 등에 관심이 없습니다.,때때로 제어권 전환 요청에 응해야 한다고 해도 자율 주행 모드에서 부주의한 상태로 있는 것은 일반적으로 문제가 되지 않습니다.
11,나는 최근 자율 주행 관련 이슈나 뉴스 등에 관심이 없습니다.,조건부 자율 주행 시스템의 지침을 따르지 않으면 교통사고 위험이 증가합니다.
12,나는 최근 자율 주행 관련 이슈나 뉴스 등에 관심이 없습니다.,"나는 조건부 자율 주행 시스템이 자전거 타는 사람들, 보행자, 양보 표지판 등을 알아서 해결할 것이라고 생각합니다."
13,나는 최근 자율 주행 관련 이슈나 뉴스 등에 관심이 없습니다.,상용화된 자율 주행 시스템은 어떠한 문제도 일으키지 않을 것이라 믿습니다.
14,나는 최근 자율 주행 관련 이슈나 뉴스 등에 관심이 없습니다.,여러 단계의 안전 장치가 장착된 자율 주행 시스템을 선호합니다.
15,나는 최근 자율 주행 관련 이슈나 뉴스 등에 관심이 없습니다.,긴급 상황에서의 제동을 처리하기 위해서 자율적인 개입 없이 자율 주행 시스템에만 의존합니다.
16,나는 최근 자율 주행 관련 이슈나 뉴스 등에 관심이 없습니다.,언제든지 자율 주행 시스템의 제어권을 수동으로 가져올 준비가 되어있어야 한다고 생각합니다.
17,나는 최근 자율 주행 관련 이슈나 뉴스 등에 관심이 없습니다.,자율 주행 시스템은 각종 위험에 대해 보수적으로 작동하기 때문에 모든 경고를 심각하게 받아들일 필요는 없습니다.
18,나는 최근 자율 주행 관련 이슈나 뉴스 등에 관심이 없습니다.,사람의 감독 없이도 자율 주행 시스템이 거친 도로나 일방통행 도로를 알아서 주행할 것이라고 믿습니다.
19,나는 최근 자율 주행 관련 이슈나 뉴스 등에 관심이 없습니다.,"만약 차량 제어권 요청이 들어왔을 때, 내가 개입하지 않으면 자율 주행 시스템이 알아서 대응할 것이라고 믿습니다."
20,나는 최근 자율 주행 관련 이슈나 뉴스 등에 관심이 없습니다.,제어권 전환 요청이 오더라도 즉각적으로 대응할 필요는 없다고 생각합니다.
21,나는 최근 자율 주행 관련 이슈나 뉴스 등에 관심이 없습니다.,나는 자율 주행 시스템의 한계를 이해하고 응급 상황에서의 절차를 이해하기 위해 상세한 훈련에 참여하길 원합니다.
22,나는 최근 자율 주행 관련 이슈나 뉴스 등에 관심이 없습니다.,자율 주행 시스템이 부분적으로 오래됐거나 오작동하더라도 차량을 운전하는 것은 괜찮습니다.
23,나는 최근 자율 주행 관련 이슈나 뉴스 등에 관심이 없습니다.,자율 주행 차량을 운전할 때 빨간 불을 지나치는 것은 괜찮습니다.
24,나는 최근 자율 주행 관련 이슈나 뉴스 등에 관심이 없습니다.,나는 노란 불에도 자율 주행 시스템이 운전을 지속하기를 원합니다.
25,나는 자율 주행 관련 소프트웨어 업데이트에 관심이 없습니다.,나는 자율 주행 중 조는 행위에 대해 경각심이 없습니다.
26,나는 자율 주행 관련 소프트웨어 업데이트에 관심이 없습니다.,"자율주행 시스템에서 발생할 수 있는 문제(e.g. 센서 오작동, 소프트웨어 오류, 해킹 등)가 거의 발생하지 않을 것이며, 발생하더라도 이를 해결해주는 장치가 있을 것이라고 믿습니다."
27,나는 자율 주행 관련 소프트웨어 업데이트에 관심이 없습니다.,나는 조건부 자율 주행 중 조는 행위에 경각심이 있습니다.
28,나는 자율 주행 관련 소프트웨어 업데이트에 관심이 없습니다.,자율 주행 기능은 온전하지 않으며 사람의 주행 상황 모니터링과 돌발 상황 대처를 위한 대응을 필요로 합니다.
29,나는 자율 주행 관련 소프트웨어 업데이트에 관심이 없습니다.,자율 주행 기능이 자주 비활성화 될 것 같은 환경에서는 사람이 직접 운전하는 것이 낫습니다.
30,나는 자율 주행 관련 소프트웨어 업데이트에 관심이 없습니다.,나는 자율 주행 시스템이 사용자의 개입 없이 모든 상황을 완벽하게 처리할 것이라고 생각합니다.
31,나는 자율 주행 관련 소프트웨어 업데이트에 관심이 없습니다.,나는 자동 운전 중에도 제어권 전환에 대한 경각심을 가지고 있습니다.
32,나는 자율 주행 관련 소프트웨어 업데이트에 관심이 없습니다.,자율 주행 시스템이 잘 작동하는 경우 시스템의 과속 운전은 허용해도 괜찮습니다.
33,나는 자율 주행 관련 소프트웨어 업데이트에 관심이 없습니다.,때때로 제어권 전환 요청에 응해야 한다고 해도 자율 주행 모드에서 부주의한 상태로 있는 것은 일반적으로 문제가 되지 않습니다.
34,나는 자율 주행 관련 소프트웨어 업데이트에 관심이 없습니다.,조건부 자율 주행 시스템의 지침을 따르지 않으면 교통사고 위험이 증가합니다.
35,나는 자율 주행 관련 소프트웨어 업데이트에 관심이 없습니다.,"나는 조건부 자율 주행 시스템이 자전거 타는 사람들, 보행자, 양보 표지판 등을 알아서 해결할 것이라고 생각합니다."
36,나는 자율 주행 관련 소프트웨어 업데이트에 관심이 없습니다.,상용화된 자율 주행 시스템은 어떠한 문제도 일으키지 않을 것이라 믿습니다.
37,나는 자율 주행 관련 소프트웨어 업데이트에 관심이 없습니다.,여러 단계의 안전 장치가 장착된 자율 주행 시스템을 선호합니다.
38,나는 자율 주행 관련 소프트웨어 업데이트에 관심이 없습니다.,긴급 상황에서의 제동을 처리하기 위해서 자율적인 개입 없이 자율 주행 시스템에만 의존합니다.
39,나는 자율 주행 관련 소프트웨어 업데이트에 관심이 없습니다.,언제든지 자율 주행 시스템의 제어권을 수동으로 가져올 준비가 되어있어야 한다고 생각합니다.
40,나는 자율 주행 관련 소프트웨어 업데이트에 관심이 없습니다.,자율 주행 시스템은 각종 위험에 대해 보수적으로 작동하기 때문에 모든 경고를 심각하게 받아들일 필요는 없습니다.
41,나는 자율 주행 관련 소프트웨어 업데이트에 관심이 없습니다.,사람의 감독 없이도 자율 주행 시스템이 거친 도로나 일방통행 도로를 알아서 주행할 것이라고 믿습니다.
42,나는 자율 주행 관련 소프트웨어 업데이트에 관심이 없습니다.,"만약 차량 제어권 요청이 들어왔을 때, 내가 개입하지 않으면 자율 주행 시스템이 알아서 대응할 것이라고 믿습니다."
43,나는 자율 주행 관련 소프트웨어 업데이트에 관심이 없습니다.,제어권 전환 요청이 오더라도 즉각적으로 대응할 필요는 없다고 생각합니다.
44,나는 자율 주행 관련 소프트웨어 업데이트에 관심이 없습니다.,나는 자율 주행 시스템의 한계를 이해하고 응급 상황에서의 절차를 이해하기 위해 상세한 훈련에 참여하길 원합니다.
45,나는 자율 주행 관련 소프트웨어 업데이트에 관심이 없습니다.,자율 주행 시스템이 부분적으로 오래됐거나 오작동하더라도 차량을 운전하는 것은 괜찮습니다.
46,나는 자율 주행 관련 소프트웨어 업데이트에 관심이 없습니다.,자율 주행 차량을 운전할 때 빨간 불을 지나치는 것은 괜찮습니다.
47,나는 자율 주행 관련 소프트웨어 업데이트에 관심이 없습니다.,나는 노란 불에도 자율 주행 시스템이 운전을 지속하기를 원합니다.
48,나는 자율 주행 중 조는 행위에 대해 경각심이 없습니다.,"자율주행 시스템에서 발생할 수 있는 문제(e.g. 센서 오작동, 소프트웨어 오류, 해킹 등)가 거의 발생하지 않을 것이며, 발생하더라도 이를 해결해주는 장치가 있을 것이라고 믿습니다."
49,나는 자율 주행 중 조는 행위에 대해 경각심이 없습니다.,나는 조건부 자율 주행 중 조는 행위에 경각심이 있습니다.
50,나는 자율 주행 중 조는 행위에 대해 경각심이 없습니다.,자율 주행 기능은 온전하지 않으며 사람의 주행 상황 모니터링과 돌발 상황 대처를 위한 대응을 필요로 합니다.
51,나는 자율 주행 중 조는 행위에 대해 경각심이 없습니다.,자율 주행 기능이 자주 비활성화 될 것 같은 환경에서는 사람이 직접 운전하는 것이 낫습니다.
52,나는 자율 주행 중 조는 행위에 대해 경각심이 없습니다.,나는 자율 주행 시스템이 사용자의 개입 없이 모든 상황을 완벽하게 처리할 것이라고 생각합니다.
53,나는 자율 주행 중 조는 행위에 대해 경각심이 없습니다.,나는 자동 운전 중에도 제어권 전환에 대한 경각심을 가지고 있습니다.
54,나는 자율 주행 중 조는 행위에 대해 경각심이 없습니다.,자율 주행 시스템이 잘 작동하는 경우 시스템의 과속 운전은 허용해도 괜찮습니다.
55,나는 자율 주행 중 조는 행위에 대해 경각심이 없습니다.,때때로 제어권 전환 요청에 응해야 한다고 해도 자율 주행 모드에서 부주의한 상태로 있는 것은 일반적으로 문제가 되지 않습니다.
56,나는 자율 주행 중 조는 행위에 대해 경각심이 없습니다.,조건부 자율 주행 시스템의 지침을 따르지 않으면 교통사고 위험이 증가합니다.
57,나는 자율 주행 중 조는 행위에 대해 경각심이 없습니다.,"나는 조건부 자율 주행 시스템이 자전거 타는 사람들, 보행자, 양보 표지판 등을 알아서 해결할 것이라고 생각합니다."
58,나는 자율 주행 중 조는 행위에 대해 경각심이 없습니다.,상용화된 자율 주행 시스템은 어떠한 문제도 일으키지 않을 것이라 믿습니다.
59,나는 자율 주행 중 조는 행위에 대해 경각심이 없습니다.,여러 단계의 안전 장치가 장착된 자율 주행 시스템을 선호합니다.
60,나는 자율 주행 중 조는 행위에 대해 경각심이 없습니다.,긴급 상황에서의 제동을 처리하기 위해서 자율적인 개입 없이 자율 주행 시스템에만 의존합니다.
61,나는 자율 주행 중 조는 행위에 대해 경각심이 없습니다.,언제든지 자율 주행 시스템의 제어권을 수동으로 가져올 준비가 되어있어야 한다고 생각합니다.
62,나는 자율 주행 중 조는 행위에 대해 경각심이 없습니다.,자율 주행 시스템은 각종 위험에 대해 보수적으로 작동하기 때문에 모든 경고를 심각하게 받아들일 필요는 없습니다.
63,나는 자율 주행 중 조는 행위에 대해 경각심이 없습니다.,사람의 감독 없이도 자율 주행 시스템이 거친 도로나 일방통행 도로를 알아서 주행할 것이라고 믿습니다.
64,나는 자율 주행 중 조는 행위에 대해 경각심이 없습니다.,"만약 차량 제어권 요청이 들어왔을 때, 내가 개입하지 않으면 자율 주행 시스템이 알아서 대응할 것이라고 믿습니다."
65,나는 자율 주행 중 조는 행위에 대해 경각심이 없습니다.,제어권 전환 요청이 오더라도 즉각적으로 대응할 필요는 없다고 생각합니다.
66,나는 자율 주행 중 조는 행위에 대해 경각심이 없습니다.,나는 자율 주행 시스템의 한계를 이해하고 응급 상황에서의 절차를 이해하기 위해 상세한 훈련에 참여하길 원합니다.
67,나는 자율 주행 중 조는 행위에 대해 경각심이 없습니다.,자율 주행 시스템이 부분적으로 오래됐거나 오작동하더라도 차량을 운전하는 것은 괜찮습니다.
68,나는 자율 주행 중 조는 행위에 대해 경각심이 없습니다.,자율 주행 차량을 운전할 때 빨간 불을 지나치는 것은 괜찮습니다.
69,나는 자율 주행 중 조는 행위에 대해 경각심이 없습니다.,나는 노란 불에도 자율 주행 시스템이 운전을 지속하기를 원합니다.
70,"자율주행 시스템에서 발생할 수 있는 문제(e.g. 센서 오작동, 소프트웨어 오류, 해킹 등)가 거의 발생하지 않을 것이며, 발생하더라도 이를 해결해주는 장치가 있을 것이라고 믿습니다.",나는 조건부 자율 주행 중 조는 행위에 경각심이 있습니다.
71,"자율주행 시스템에서 발생할 수 있는 문제(e.g. 센서 오작동, 소프트웨어 오류, 해킹 등)가 거의 발생하지 않을 것이며, 발생하더라도 이를 해결해주는 장치가 있을 것이라고 믿습니다.",자율 주행 기능은 온전하지 않으며 사람의 주행 상황 모니터링과 돌발 상황 대처를 위한 대응을 필요로 합니다.
72,"자율주행 시스템에서 발생할 수 있는 문제(e.g. 센서 오작동, 소프트웨어 오류, 해킹 등)가 거의 발생하지 않을 것이며, 발생하더라도 이를 해결해주는 장치가 있을 것이라고 믿습니다.",자율 주행 기능이 자주 비활성화 될 것 같은 환경에서는 사람이 직접 운전하는 것이 낫습니다.
73,"자율주행 시스템에서 발생할 수 있는 문제(e.g. 센서 오작동, 소프트웨어 오류, 해킹 등)가 거의 발생하지 않을 것이며, 발생하더라도 이를 해결해주는 장치가 있을 것이라고 믿습니다.",나는 자율 주행 시스템이 사용자의 개입 없이 모든 상황을 완벽하게 처리할 것이라고 생각합니다.
74,"자율주행 시스템에서 발생할 수 있는 문제(e.g. 센서 오작동, 소프트웨어 오류, 해킹 등)가 거의 발생하지 않을 것이며, 발생하더라도 이를 해결해주는 장치가 있을 것이라고 믿습니다.",나는 자동 운전 중에도 제어권 전환에 대한 경각심을 가지고 있습니다.
75,"자율주행 시스템에서 발생할 수 있는 문제(e.g. 센서 오작동, 소프트웨어 오류, 해킹 등)가 거의 발생하지 않을 것이며, 발생하더라도 이를 해결해주는 장치가 있을 것이라고 믿습니다.",자율 주행 시스템이 잘 작동하는 경우 시스템의 과속 운전은 허용해도 괜찮습니다.
76,"자율주행 시스템에서 발생할 수 있는 문제(e.g. 센서 오작동, 소프트웨어 오류, 해킹 등)가 거의 발생하지 않을 것이며, 발생하더라도 이를 해결해주는 장치가 있을 것이라고 믿습니다.",때때로 제어권 전환 요청에 응해야 한다고 해도 자율 주행 모드에서 부주의한 상태로 있는 것은 일반적으로 문제가 되지 않습니다.
77,"자율주행 시스템에서 발생할 수 있는 문제(e.g. 센서 오작동, 소프트웨어 오류, 해킹 등)가 거의 발생하지 않을 것이며, 발생하더라도 이를 해결해주는 장치가 있을 것이라고 믿습니다.",조건부 자율 주행 시스템의 지침을 따르지 않으면 교통사고 위험이 증가합니다.
78,"자율주행 시스템에서 발생할 수 있는 문제(e.g. 센서 오작동, 소프트웨어 오류, 해킹 등)가 거의 발생하지 않을 것이며, 발생하더라도 이를 해결해주는 장치가 있을 것이라고 믿습니다.","나는 조건부 자율 주행 시스템이 자전거 타는 사람들, 보행자, 양보 표지판 등을 알아서 해결할 것이라고 생각합니다."
79,"자율주행 시스템에서 발생할 수 있는 문제(e.g. 센서 오작동, 소프트웨어 오류, 해킹 등)가 거의 발생하지 않을 것이며, 발생하더라도 이를 해결해주는 장치가 있을 것이라고 믿습니다.",상용화된 자율 주행 시스템은 어떠한 문제도 일으키지 않을 것이라 믿습니다.
80,"자율주행 시스템에서 발생할 수 있는 문제(e.g. 센서 오작동, 소프트웨어 오류, 해킹 등)가 거의 발생하지 않을 것이며, 발생하더라도 이를 해결해주는 장치가 있을 것이라고 믿습니다.",여러 단계의 안전 장치가 장착된 자율 주행 시스템을 선호합니다.
81,"자율주행 시스템에서 발생할 수 있는 문제(e.g. 센서 오작동, 소프트웨어 오류, 해킹 등)가 거의 발생하지 않을 것이며, 발생하더라도 이를 해결해주는 장치가 있을 것이라고 믿습니다.",긴급 상황에서의 제동을 처리하기 위해서 자율적인 개입 없이 자율 주행 시스템에만 의존합니다.
82,"자율주행 시스템에서 발생할 수 있는 문제(e.g. 센서 오작동, 소프트웨어 오류, 해킹 등)가 거의 발생하지 않을 것이며, 발생하더라도 이를 해결해주는 장치가 있을 것이라고 믿습니다.",언제든지 자율 주행 시스템의 제어권을 수동으로 가져올 준비가 되어있어야 한다고 생각합니다.
83,"자율주행 시스템에서 발생할 수 있는 문제(e.g. 센서 오작동, 소프트웨어 오류, 해킹 등)가 거의 발생하지 않을 것이며, 발생하더라도 이를 해결해주는 장치가 있을 것이라고 믿습니다.",자율 주행 시스템은 각종 위험에 대해 보수적으로 작동하기 때문에 모든 경고를 심각하게 받아들일 필요는 없습니다.
84,"자율주행 시스템에서 발생할 수 있는 문제(e.g. 센서 오작동, 소프트웨어 오류, 해킹 등)가 거의 발생하지 않을 것이며, 발생하더라도 이를 해결해주는 장치가 있을 것이라고 믿습니다.",사람의 감독 없이도 자율 주행 시스템이 거친 도로나 일방통행 도로를 알아서 주행할 것이라고 믿습니다.
85,"자율주행 시스템에서 발생할 수 있는 문제(e.g. 센서 오작동, 소프트웨어 오류, 해킹 등)가 거의 발생하지 않을 것이며, 발생하더라도 이를 해결해주는 장치가 있을 것이라고 믿습니다.","만약 차량 제어권 요청이 들어왔을 때, 내가 개입하지 않으면 자율 주행 시스템이 알아서 대응할 것이라고 믿습니다."
86,"자율주행 시스템에서 발생할 수 있는 문제(e.g. 센서 오작동, 소프트웨어 오류, 해킹 등)가 거의 발생하지 않을 것이며, 발생하더라도 이를 해결해주는 장치가 있을 것이라고 믿습니다.",제어권 전환 요청이 오더라도 즉각적으로 대응할 필요는 없다고 생각합니다.
87,"자율주행 시스템에서 발생할 수 있는 문제(e.g. 센서 오작동, 소프트웨어 오류, 해킹 등)가 거의 발생하지 않을 것이며, 발생하더라도 이를 해결해주는 장치가 있을 것이라고 믿습니다.",나는 자율 주행 시스템의 한계를 이해하고 응급 상황에서의 절차를 이해하기 위해 상세한 훈련에 참여하길 원합니다.
88,"자율주행 시스템에서 발생할 수 있는 문제(e.g. 센서 오작동, 소프트웨어 오류, 해킹 등)가 거의 발생하지 않을 것이며, 발생하더라도 이를 해결해주는 장치가 있을 것이라고 믿습니다.",자율 주행 시스템이 부분적으로 오래됐거나 오작동하더라도 차량을 운전하는 것은 괜찮습니다.
89,"자율주행 시스템에서 발생할 수 있는 문제(e.g. 센서 오작동, 소프트웨어 오류, 해킹 등)가 거의 발생하지 않을 것이며, 발생하더라도 이를 해결해주는 장치가 있을 것이라고 믿습니다.",자율 주행 차량을 운전할 때 빨간 불을 지나치는 것은 괜찮습니다.
90,"자율주행 시스템에서 발생할 수 있는 문제(e.g. 센서 오작동, 소프트웨어 오류, 해킹 등)가 거의 발생하지 않을 것이며, 발생하더라도 이를 해결해주는 장치가 있을 것이라고 믿습니다.",나는 노란 불에도 자율 주행 시스템이 운전을 지속하기를 원합니다.
91,나는 조건부 자율 주행 중 조는 행위에 경각심이 있습니다.,자율 주행 기능은 온전하지 않으며 사람의 주행 상황 모니터링과 돌발 상황 대처를 위한 대응을 필요로 합니다.
92,나는 조건부 자율 주행 중 조는 행위에 경각심이 있습니다.,자율 주행 기능이 자주 비활성화 될 것 같은 환경에서는 사람이 직접 운전하는 것이 낫습니다.
93,나는 조건부 자율 주행 중 조는 행위에 경각심이 있습니다.,나는 자율 주행 시스템이 사용자의 개입 없이 모든 상황을 완벽하게 처리할 것이라고 생각합니다.
94,나는 조건부 자율 주행 중 조는 행위에 경각심이 있습니다.,나는 자동 운전 중에도 제어권 전환에 대한 경각심을 가지고 있습니다.
95,나는 조건부 자율 주행 중 조는 행위에 경각심이 있습니다.,자율 주행 시스템이 잘 작동하는 경우 시스템의 과속 운전은 허용해도 괜찮습니다.
96,나는 조건부 자율 주행 중 조는 행위에 경각심이 있습니다.,때때로 제어권 전환 요청에 응해야 한다고 해도 자율 주행 모드에서 부주의한 상태로 있는 것은 일반적으로 문제가 되지 않습니다.
97,나는 조건부 자율 주행 중 조는 행위에 경각심이 있습니다.,조건부 자율 주행 시스템의 지침을 따르지 않으면 교통사고 위험이 증가합니다.
98,나는 조건부 자율 주행 중 조는 행위에 경각심이 있습니다.,"나는 조건부 자율 주행 시스템이 자전거 타는 사람들, 보행자, 양보 표지판 등을 알아서 해결할 것이라고 생각합니다."
99,나는 조건부 자율 주행 중 조는 행위에 경각심이 있습니다.,상용화된 자율 주행 시스템은 어떠한 문제도 일으키지 않을 것이라 믿습니다.
100,나는 조건부 자율 주행 중 조는 행위에 경각심이 있습니다.,여러 단계의 안전 장치가 장착된 자율 주행 시스템을 선호합니다.
101,나는 조건부 자율 주행 중 조는 행위에 경각심이 있습니다.,긴급 상황에서의 제동을 처리하기 위해서 자율적인 개입 없이 자율 주행 시스템에만 의존합니다.
102,나는 조건부 자율 주행 중 조는 행위에 경각심이 있습니다.,언제든지 자율 주행 시스템의 제어권을 수동으로 가져올 준비가 되어있어야 한다고 생각합니다.
103,나는 조건부 자율 주행 중 조는 행위에 경각심이 있습니다.,자율 주행 시스템은 각종 위험에 대해 보수적으로 작동하기 때문에 모든 경고를 심각하게 받아들일 필요는 없습니다.
104,나는 조건부 자율 주행 중 조는 행위에 경각심이 있습니다.,사람의 감독 없이도 자율 주행 시스템이 거친 도로나 일방통행 도로를 알아서 주행할 것이라고 믿습니다.
105,나는 조건부 자율 주행 중 조는 행위에 경각심이 있습니다.,"만약 차량 제어권 요청이 들어왔을 때, 내가 개입하지 않으면 자율 주행 시스템이 알아서 대응할 것이라고 믿습니다."
106,나는 조건부 자율 주행 중 조는 행위에 경각심이 있습니다.,제어권 전환 요청이 오더라도 즉각적으로 대응할 필요는 없다고 생각합니다.
107,나는 조건부 자율 주행 중 조는 행위에 경각심이 있습니다.,나는 자율 주행 시스템의 한계를 이해하고 응급 상황에서의 절차를 이해하기 위해 상세한 훈련에 참여하길 원합니다.
108,나는 조건부 자율 주행 중 조는 행위에 경각심이 있습니다.,자율 주행 시스템이 부분적으로 오래됐거나 오작동하더라도 차량을 운전하는 것은 괜찮습니다.
109,나는 조건부 자율 주행 중 조는 행위에 경각심이 있습니다.,자율 주행 차량을 운전할 때 빨간 불을 지나치는 것은 괜찮습니다.
110,나는 조건부 자율 주행 중 조는 행위에 경각심이 있습니다.,나는 노란 불에도 자율 주행 시스템이 운전을 지속하기를 원합니다.
111,자율 주행 기능은 온전하지 않으며 사람의 주행 상황 모니터링과 돌발 상황 대처를 위한 대응을 필요로 합니다.,자율 주행 기능이 자주 비활성화 될 것 같은 환경에서는 사람이 직접 운전하는 것이 낫습니다.
112,자율 주행 기능은 온전하지 않으며 사람의 주행 상황 모니터링과 돌발 상황 대처를 위한 대응을 필요로 합니다.,나는 자율 주행 시스템이 사용자의 개입 없이 모든 상황을 완벽하게 처리할 것이라고 생각합니다.
113,자율 주행 기능은 온전하지 않으며 사람의 주행 상황 모니터링과 돌발 상황 대처를 위한 대응을 필요로 합니다.,나는 자동 운전 중에도 제어권 전환에 대한 경각심을 가지고 있습니다.
114,자율 주행 기능은 온전하지 않으며 사람의 주행 상황 모니터링과 돌발 상황 대처를 위한 대응을 필요로 합니다.,자율 주행 시스템이 잘 작동하는 경우 시스템의 과속 운전은 허용해도 괜찮습니다.
115,자율 주행 기능은 온전하지 않으며 사람의 주행 상황 모니터링과 돌발 상황 대처를 위한 대응을 필요로 합니다.,때때로 제어권 전환 요청에 응해야 한다고 해도 자율 주행 모드에서 부주의한 상태로 있는 것은 일반적으로 문제가 되지 않습니다.
116,자율 주행 기능은 온전하지 않으며 사람의 주행 상황 모니터링과 돌발 상황 대처를 위한 대응을 필요로 합니다.,조건부 자율 주행 시스템의 지침을 따르지 않으면 교통사고 위험이 증가합니다.
117,자율 주행 기능은 온전하지 않으며 사람의 주행 상황 모니터링과 돌발 상황 대처를 위한 대응을 필요로 합니다.,"나는 조건부 자율 주행 시스템이 자전거 타는 사람들, 보행자, 양보 표지판 등을 알아서 해결할 것이라고 생각합니다."
118,자율 주행 기능은 온전하지 않으며 사람의 주행 상황 모니터링과 돌발 상황 대처를 위한 대응을 필요로 합니다.,상용화된 자율 주행 시스템은 어떠한 문제도 일으키지 않을 것이라 믿습니다.
119,자율 주행 기능은 온전하지 않으며 사람의 주행 상황 모니터링과 돌발 상황 대처를 위한 대응을 필요로 합니다.,여러 단계의 안전 장치가 장착된 자율 주행 시스템을 선호합니다.
120,자율 주행 기능은 온전하지 않으며 사람의 주행 상황 모니터링과 돌발 상황 대처를 위한 대응을 필요로 합니다.,긴급 상황에서의 제동을 처리하기 위해서 자율적인 개입 없이 자율 주행 시스템에만 의존합니다.
121,자율 주행 기능은 온전하지 않으며 사람의 주행 상황 모니터링과 돌발 상황 대처를 위한 대응을 필요로 합니다.,언제든지 자율 주행 시스템의 제어권을 수동으로 가져올 준비가 되어있어야 한다고 생각합니다.
122,자율 주행 기능은 온전하지 않으며 사람의 주행 상황 모니터링과 돌발 상황 대처를 위한 대응을 필요로 합니다.,자율 주행 시스템은 각종 위험에 대해 보수적으로 작동하기 때문에 모든 경고를 심각하게 받아들일 필요는 없습니다.
123,자율 주행 기능은 온전하지 않으며 사람의 주행 상황 모니터링과 돌발 상황 대처를 위한 대응을 필요로 합니다.,사람의 감독 없이도 자율 주행 시스템이 거친 도로나 일방통행 도로를 알아서 주행할 것이라고 믿습니다.
124,자율 주행 기능은 온전하지 않으며 사람의 주행 상황 모니터링과 돌발 상황 대처를 위한 대응을 필요로 합니다.,"만약 차량 제어권 요청이 들어왔을 때, 내가 개입하지 않으면 자율 주행 시스템이 알아서 대응할 것이라고 믿습니다."
125,자율 주행 기능은 온전하지 않으며 사람의 주행 상황 모니터링과 돌발 상황 대처를 위한 대응을 필요로 합니다.,제어권 전환 요청이 오더라도 즉각적으로 대응할 필요는 없다고 생각합니다.
126,자율 주행 기능은 온전하지 않으며 사람의 주행 상황 모니터링과 돌발 상황 대처를 위한 대응을 필요로 합니다.,나는 자율 주행 시스템의 한계를 이해하고 응급 상황에서의 절차를 이해하기 위해 상세한 훈련에 참여하길 원합니다.
127,자율 주행 기능은 온전하지 않으며 사람의 주행 상황 모니터링과 돌발 상황 대처를 위한 대응을 필요로 합니다.,자율 주행 시스템이 부분적으로 오래됐거나 오작동하더라도 차량을 운전하는 것은 괜찮습니다.
128,자율 주행 기능은 온전하지 않으며 사람의 주행 상황 모니터링과 돌발 상황 대처를 위한 대응을 필요로 합니다.,자율 주행 차량을 운전할 때 빨간 불을 지나치는 것은 괜찮습니다.
129,자율 주행 기능은 온전하지 않으며 사람의 주행 상황 모니터링과 돌발 상황 대처를 위한 대응을 필요로 합니다.,나는 노란 불에도 자율 주행 시스템이 운전을 지속하기를 원합니다.
130,자율 주행 기능이 자주 비활성화 될 것 같은 환경에서는 사람이 직접 운전하는 것이 낫습니다.,나는 자율 주행 시스템이 사용자의 개입 없이 모든 상황을 완벽하게 처리할 것이라고 생각합니다.
131,자율 주행 기능이 자주 비활성화 될 것 같은 환경에서는 사람이 직접 운전하는 것이 낫습니다.,나는 자동 운전 중에도 제어권 전환에 대한 경각심을 가지고 있습니다.
132,자율 주행 기능이 자주 비활성화 될 것 같은 환경에서는 사람이 직접 운전하는 것이 낫습니다.,자율 주행 시스템이 잘 작동하는 경우 시스템의 과속 운전은 허용해도 괜찮습니다.
133,자율 주행 기능이 자주 비활성화 될 것 같은 환경에서는 사람이 직접 운전하는 것이 낫습니다.,때때로 제어권 전환 요청에 응해야 한다고 해도 자율 주행 모드에서 부주의한 상태로 있는 것은 일반적으로 문제가 되지 않습니다.
134,자율 주행 기능이 자주 비활성화 될 것 같은 환경에서는 사람이 직접 운전하는 것이 낫습니다.,조건부 자율 주행 시스템의 지침을 따르지 않으면 교통사고 위험이 증가합니다.
135,자율 주행 기능이 자주 비활성화 될 것 같은 환경에서는 사람이 직접 운전하는 것이 낫습니다.,"나는 조건부 자율 주행 시스템이 자전거 타는 사람들, 보행자, 양보 표지판 등을 알아서 해결할 것이라고 생각합니다."
136,자율 주행 기능이 자주 비활성화 될 것 같은 환경에서는 사람이 직접 운전하는 것이 낫습니다.,상용화된 자율 주행 시스템은 어떠한 문제도 일으키지 않을 것이라 믿습니다.
137,자율 주행 기능이 자주 비활성화 될 것 같은 환경에서는 사람이 직접 운전하는 것이 낫습니다.,여러 단계의 안전 장치가 장착된 자율 주행 시스템을 선호합니다.
138,자율 주행 기능이 자주 비활성화 될 것 같은 환경에서는 사람이 직접 운전하는 것이 낫습니다.,긴급 상황에서의 제동을 처리하기 위해서 자율적인 개입 없이 자율 주행 시스템에만 의존합니다.
139,자율 주행 기능이 자주 비활성화 될 것 같은 환경에서는 사람이 직접 운전하는 것이 낫습니다.,언제든지 자율 주행 시스템의 제어권을 수동으로 가져올 준비가 되어있어야 한다고 생각합니다.
140,자율 주행 기능이 자주 비활성화 될 것 같은 환경에서는 사람이 직접 운전하는 것이 낫습니다.,자율 주행 시스템은 각종 위험에 대해 보수적으로 작동하기 때문에 모든 경고를 심각하게 받아들일 필요는 없습니다.
141,자율 주행 기능이 자주 비활성화 될 것 같은 환경에서는 사람이 직접 운전하는 것이 낫습니다.,사람의 감독 없이도 자율 주행 시스템이 거친 도로나 일방통행 도로를 알아서 주행할 것이라고 믿습니다.
142,자율 주행 기능이 자주 비활성화 될 것 같은 환경에서는 사람이 직접 운전하는 것이 낫습니다.,"만약 차량 제어권 요청이 들어왔을 때, 내가 개입하지 않으면 자율 주행 시스템이 알아서 대응할 것이라고 믿습니다."
143,자율 주행 기능이 자주 비활성화 될 것 같은 환경에서는 사람이 직접 운전하는 것이 낫습니다.,제어권 전환 요청이 오더라도 즉각적으로 대응할 필요는 없다고 생각합니다.
144,자율 주행 기능이 자주 비활성화 될 것 같은 환경에서는 사람이 직접 운전하는 것이 낫습니다.,나는 자율 주행 시스템의 한계를 이해하고 응급 상황에서의 절차를 이해하기 위해 상세한 훈련에 참여하길 원합니다.
145,자율 주행 기능이 자주 비활성화 될 것 같은 환경에서는 사람이 직접 운전하는 것이 낫습니다.,자율 주행 시스템이 부분적으로 오래됐거나 오작동하더라도 차량을 운전하는 것은 괜찮습니다.
146,자율 주행 기능이 자주 비활성화 될 것 같은 환경에서는 사람이 직접 운전하는 것이 낫습니다.,자율 주행 차량을 운전할 때 빨간 불을 지나치는 것은 괜찮습니다.
147,자율 주행 기능이 자주 비활성화 될 것 같은 환경에서는 사람이 직접 운전하는 것이 낫습니다.,나는 노란 불에도 자율 주행 시스템이 운전을 지속하기를 원합니다.
148,나는 자율 주행 시스템이 사용자의 개입 없이 모든 상황을 완벽하게 처리할 것이라고 생각합니다.,나는 자동 운전 중에도 제어권 전환에 대한 경각심을 가지고 있습니다.
149,나는 자율 주행 시스템이 사용자의 개입 없이 모든 상황을 완벽하게 처리할 것이라고 생각합니다.,자율 주행 시스템이 잘 작동하는 경우 시스템의 과속 운전은 허용해도 괜찮습니다.
150,나는 자율 주행 시스템이 사용자의 개입 없이 모든 상황을 완벽하게 처리할 것이라고 생각합니다.,때때로 제어권 전환 요청에 응해야 한다고 해도 자율 주행 모드에서 부주의한 상태로 있는 것은 일반적으로 문제가 되지 않습니다.
151,나는 자율 주행 시스템이 사용자의 개입 없이 모든 상황을 완벽하게 처리할 것이라고 생각합니다.,조건부 자율 주행 시스템의 지침을 따르지 않으면 교통사고 위험이 증가합니다.
152,나는 자율 주행 시스템이 사용자의 개입 없이 모든 상황을 완벽하게 처리할 것이라고 생각합니다.,"나는 조건부 자율 주행 시스템이 자전거 타는 사람들, 보행자, 양보 표지판 등을 알아서 해결할 것이라고 생각합니다."
153,나는 자율 주행 시스템이 사용자의 개입 없이 모든 상황을 완벽하게 처리할 것이라고 생각합니다.,상용화된 자율 주행 시스템은 어떠한 문제도 일으키지 않을 것이라 믿습니다.
154,나는 자율 주행 시스템이 사용자의 개입 없이 모든 상황을 완벽하게 처리할 것이라고 생각합니다.,여러 단계의 안전 장치가 장착된 자율 주행 시스템을 선호합니다.
155,나는 자율 주행 시스템이 사용자의 개입 없이 모든 상황을 완벽하게 처리할 것이라고 생각합니다.,긴급 상황에서의 제동을 처리하기 위해서 자율적인 개입 없이 자율 주행 시스템에만 의존합니다.
156,나는 자율 주행 시스템이 사용자의 개입 없이 모든 상황을 완벽하게 처리할 것이라고 생각합니다.,언제든지 자율 주행 시스템의 제어권을 수동으로 가져올 준비가 되어있어야 한다고 생각합니다.
157,나는 자율 주행 시스템이 사용자의 개입 없이 모든 상황을 완벽하게 처리할 것이라고 생각합니다.,자율 주행 시스템은 각종 위험에 대해 보수적으로 작동하기 때문에 모든 경고를 심각하게 받아들일 필요는 없습니다.
158,나는 자율 주행 시스템이 사용자의 개입 없이 모든 상황을 완벽하게 처리할 것이라고 생각합니다.,사람의 감독 없이도 자율 주행 시스템이 거친 도로나 일방통행 도로를 알아서 주행할 것이라고 믿습니다.
159,나는 자율 주행 시스템이 사용자의 개입 없이 모든 상황을 완벽하게 처리할 것이라고 생각합니다.,"만약 차량 제어권 요청이 들어왔을 때, 내가 개입하지 않으면 자율 주행 시스템이 알아서 대응할 것이라고 믿습니다."
160,나는 자율 주행 시스템이 사용자의 개입 없이 모든 상황을 완벽하게 처리할 것이라고 생각합니다.,제어권 전환 요청이 오더라도 즉각적으로 대응할 필요는 없다고 생각합니다.
161,나는 자율 주행 시스템이 사용자의 개입 없이 모든 상황을 완벽하게 처리할 것이라고 생각합니다.,나는 자율 주행 시스템의 한계를 이해하고 응급 상황에서의 절차를 이해하기 위해 상세한 훈련에 참여하길 원합니다.
162,나는 자율 주행 시스템이 사용자의 개입 없이 모든 상황을 완벽하게 처리할 것이라고 생각합니다.,자율 주행 시스템이 부분적으로 오래됐거나 오작동하더라도 차량을 운전하는 것은 괜찮습니다.
163,나는 자율 주행 시스템이 사용자의 개입 없이 모든 상황을 완벽하게 처리할 것이라고 생각합니다.,자율 주행 차량을 운전할 때 빨간 불을 지나치는 것은 괜찮습니다.
164,나는 자율 주행 시스템이 사용자의 개입 없이 모든 상황을 완벽하게 처리할 것이라고 생각합니다.,나는 노란 불에도 자율 주행 시스템이 운전을 지속하기를 원합니다.
165,나는 자동 운전 중에도 제어권 전환에 대한 경각심을 가지고 있습니다.,자율 주행 시스템이 잘 작동하는 경우 시스템의 과속 운전은 허용해도 괜찮습니다.
166,나는 자동 운전 중에도 제어권 전환에 대한 경각심을 가지고 있습니다.,때때로 제어권 전환 요청에 응해야 한다고 해도 자율 주행 모드에서 부주의한 상태로 있는 것은 일반적으로 문제가 되지 않습니다.
167,나는 자동 운전 중에도 제어권 전환에 대한 경각심을 가지고 있습니다.,조건부 자율 주행 시스템의 지침을 따르지 않으면 교통사고 위험이 증가합니다.
168,나는 자동 운전 중에도 제어권 전환에 대한 경각심을 가지고 있습니다.,"나는 조건부 자율 주행 시스템이 자전거 타는 사람들, 보행자, 양보 표지판 등을 알아서 해결할 것이라고 생각합니다."
169,나는 자동 운전 중에도 제어권 전환에 대한 경각심을 가지고 있습니다.,상용화된 자율 주행 시스템은 어떠한 문제도 일으키지 않을 것이라 믿습니다.
170,나는 자동 운전 중에도 제어권 전환에 대한 경각심을 가지고 있습니다.,여러 단계의 안전 장치가 장착된 자율 주행 시스템을 선호합니다.
171,나는 자동 운전 중에도 제어권 전환에 대한 경각심을 가지고 있습니다.,긴급 상황에서의 제동을 처리하기 위해서 자율적인 개입 없이 자율 주행 시스템에만 의존합니다.
172,나는 자동 운전 중에도 제어권 전환에 대한 경각심을 가지고 있습니다.,언제든지 자율 주행 시스템의 제어권을 수동으로 가져올 준비가 되어있어야 한다고 생각합니다.
173,나는 자동 운전 중에도 제어권 전환에 대한 경각심을 가지고 있습니다.,자율 주행 시스템은 각종 위험에 대해 보수적으로 작동하기 때문에 모든 경고를 심각하게 받아들일 필요는 없습니다.
174,나는 자동 운전 중에도 제어권 전환에 대한 경각심을 가지고 있습니다.,사람의 감독 없이도 자율 주행 시스템이 거친 도로나 일방통행 도로를 알아서 주행할 것이라고 믿습니다.
175,나는 자동 운전 중에도 제어권 전환에 대한 경각심을 가지고 있습니다.,"만약 차량 제어권 요청이 들어왔을 때, 내가 개입하지 않으면 자율 주행 시스템이 알아서 대응할 것이라고 믿습니다."
176,나는 자동 운전 중에도 제어권 전환에 대한 경각심을 가지고 있습니다.,제어권 전환 요청이 오더라도 즉각적으로 대응할 필요는 없다고 생각합니다.
177,나는 자동 운전 중에도 제어권 전환에 대한 경각심을 가지고 있습니다.,나는 자율 주행 시스템의 한계를 이해하고 응급 상황에서의 절차를 이해하기 위해 상세한 훈련에 참여하길 원합니다.
178,나는 자동 운전 중에도 제어권 전환에 대한 경각심을 가지고 있습니다.,자율 주행 시스템이 부분적으로 오래됐거나 오작동하더라도 차량을 운전하는 것은 괜찮습니다.
179,나는 자동 운전 중에도 제어권 전환에 대한 경각심을 가지고 있습니다.,자율 주행 차량을 운전할 때 빨간 불을 지나치는 것은 괜찮습니다.
180,나는 자동 운전 중에도 제어권 전환에 대한 경각심을 가지고 있습니다.,나는 노란 불에도 자율 주행 시스템이 운전을 지속하기를 원합니다.
181,자율 주행 시스템이 잘 작동하는 경우 시스템의 과속 운전은 허용해도 괜찮습니다.,때때로 제어권 전환 요청에 응해야 한다고 해도 자율 주행 모드에서 부주의한 상태로 있는 것은 일반적으로 문제가 되지 않습니다.
182,자율 주행 시스템이 잘 작동하는 경우 시스템의 과속 운전은 허용해도 괜찮습니다.,조건부 자율 주행 시스템의 지침을 따르지 않으면 교통사고 위험이 증가합니다.
183,자율 주행 시스템이 잘 작동하는 경우 시스템의 과속 운전은 허용해도 괜찮습니다.,"나는 조건부 자율 주행 시스템이 자전거 타는 사람들, 보행자, 양보 표지판 등을 알아서 해결할 것이라고 생각합니다."
184,자율 주행 시스템이 잘 작동하는 경우 시스템의 과속 운전은 허용해도 괜찮습니다.,상용화된 자율 주행 시스템은 어떠한 문제도 일으키지 않을 것이라 믿습니다.
185,자율 주행 시스템이 잘 작동하는 경우 시스템의 과속 운전은 허용해도 괜찮습니다.,여러 단계의 안전 장치가 장착된 자율 주행 시스템을 선호합니다.
186,자율 주행 시스템이 잘 작동하는 경우 시스템의 과속 운전은 허용해도 괜찮습니다.,긴급 상황에서의 제동을 처리하기 위해서 자율적인 개입 없이 자율 주행 시스템에만 의존합니다.
187,자율 주행 시스템이 잘 작동하는 경우 시스템의 과속 운전은 허용해도 괜찮습니다.,언제든지 자율 주행 시스템의 제어권을 수동으로 가져올 준비가 되어있어야 한다고 생각합니다.
188,자율 주행 시스템이 잘 작동하는 경우 시스템의 과속 운전은 허용해도 괜찮습니다.,자율 주행 시스템은 각종 위험에 대해 보수적으로 작동하기 때문에 모든 경고를 심각하게 받아들일 필요는 없습니다.
189,자율 주행 시스템이 잘 작동하는 경우 시스템의 과속 운전은 허용해도 괜찮습니다.,사람의 감독 없이도 자율 주행 시스템이 거친 도로나 일방통행 도로를 알아서 주행할 것이라고 믿습니다.
190,자율 주행 시스템이 잘 작동하는 경우 시스템의 과속 운전은 허용해도 괜찮습니다.,"만약 차량 제어권 요청이 들어왔을 때, 내가 개입하지 않으면 자율 주행 시스템이 알아서 대응할 것이라고 믿습니다."
191,자율 주행 시스템이 잘 작동하는 경우 시스템의 과속 운전은 허용해도 괜찮습니다.,제어권 전환 요청이 오더라도 즉각적으로 대응할 필요는 없다고 생각합니다.
192,자율 주행 시스템이 잘 작동하는 경우 시스템의 과속 운전은 허용해도 괜찮습니다.,나는 자율 주행 시스템의 한계를 이해하고 응급 상황에서의 절차를 이해하기 위해 상세한 훈련에 참여하길 원합니다.
193,자율 주행 시스템이 잘 작동하는 경우 시스템의 과속 운전은 허용해도 괜찮습니다.,자율 주행 시스템이 부분적으로 오래됐거나 오작동하더라도 차량을 운전하는 것은 괜찮습니다.
194,자율 주행 시스템이 잘 작동하는 경우 시스템의 과속 운전은 허용해도 괜찮습니다.,자율 주행 차량을 운전할 때 빨간 불을 지나치는 것은 괜찮습니다.
195,자율 주행 시스템이 잘 작동하는 경우 시스템의 과속 운전은 허용해도 괜찮습니다.,나는 노란 불에도 자율 주행 시스템이 운전을 지속하기를 원합니다.
196,때때로 제어권 전환 요청에 응해야 한다고 해도 자율 주행 모드에서 부주의한 상태로 있는 것은 일반적으로 문제가 되지 않습니다.,조건부 자율 주행 시스템의 지침을 따르지 않으면 교통사고 위험이 증가합니다.
197,때때로 제어권 전환 요청에 응해야 한다고 해도 자율 주행 모드에서 부주의한 상태로 있는 것은 일반적으로 문제가 되지 않습니다.,"나는 조건부 자율 주행 시스템이 자전거 타는 사람들, 보행자, 양보 표지판 등을 알아서 해결할 것이라고 생각합니다."
198,때때로 제어권 전환 요청에 응해야 한다고 해도 자율 주행 모드에서 부주의한 상태로 있는 것은 일반적으로 문제가 되지 않습니다.,상용화된 자율 주행 시스템은 어떠한 문제도 일으키지 않을 것이라 믿습니다.
199,때때로 제어권 전환 요청에 응해야 한다고 해도 자율 주행 모드에서 부주의한 상태로 있는 것은 일반적으로 문제가 되지 않습니다.,여러 단계의 안전 장치가 장착된 자율 주행 시스템을 선호합니다.
200,때때로 제어권 전환 요청에 응해야 한다고 해도 자율 주행 모드에서 부주의한 상태로 있는 것은 일반적으로 문제가 되지 않습니다.,긴급 상황에서의 제동을 처리하기 위해서 자율적인 개입 없이 자율 주행 시스템에만 의존합니다.
201,때때로 제어권 전환 요청에 응해야 한다고 해도 자율 주행 모드에서 부주의한 상태로 있는 것은 일반적으로 문제가 되지 않습니다.,언제든지 자율 주행 시스템의 제어권을 수동으로 가져올 준비가 되어있어야 한다고 생각합니다.
202,때때로 제어권 전환 요청에 응해야 한다고 해도 자율 주행 모드에서 부주의한 상태로 있는 것은 일반적으로 문제가 되지 않습니다.,자율 주행 시스템은 각종 위험에 대해 보수적으로 작동하기 때문에 모든 경고를 심각하게 받아들일 필요는 없습니다.
203,때때로 제어권 전환 요청에 응해야 한다고 해도 자율 주행 모드에서 부주의한 상태로 있는 것은 일반적으로 문제가 되지 않습니다.,사람의 감독 없이도 자율 주행 시스템이 거친 도로나 일방통행 도로를 알아서 주행할 것이라고 믿습니다.
204,때때로 제어권 전환 요청에 응해야 한다고 해도 자율 주행 모드에서 부주의한 상태로 있는 것은 일반적으로 문제가 되지 않습니다.,"만약 차량 제어권 요청이 들어왔을 때, 내가 개입하지 않으면 자율 주행 시스템이 알아서 대응할 것이라고 믿습니다."
205,때때로 제어권 전환 요청에 응해야 한다고 해도 자율 주행 모드에서 부주의한 상태로 있는 것은 일반적으로 문제가 되지 않습니다.,제어권 전환 요청이 오더라도 즉각적으로 대응할 필요는 없다고 생각합니다.
206,때때로 제어권 전환 요청에 응해야 한다고 해도 자율 주행 모드에서 부주의한 상태로 있는 것은 일반적으로 문제가 되지 않습니다.,나는 자율 주행 시스템의 한계를 이해하고 응급 상황에서의 절차를 이해하기 위해 상세한 훈련에 참여하길 원합니다.
207,때때로 제어권 전환 요청에 응해야 한다고 해도 자율 주행 모드에서 부주의한 상태로 있는 것은 일반적으로 문제가 되지 않습니다.,자율 주행 시스템이 부분적으로 오래됐거나 오작동하더라도 차량을 운전하는 것은 괜찮습니다.
208,때때로 제어권 전환 요청에 응해야 한다고 해도 자율 주행 모드에서 부주의한 상태로 있는 것은 일반적으로 문제가 되지 않습니다.,자율 주행 차량을 운전할 때 빨간 불을 지나치는 것은 괜찮습니다.
209,때때로 제어권 전환 요청에 응해야 한다고 해도 자율 주행 모드에서 부주의한 상태로 있는 것은 일반적으로 문제가 되지 않습니다.,나는 노란 불에도 자율 주행 시스템이 운전을 지속하기를 원합니다.
210,조건부 자율 주행 시스템의 지침을 따르지 않으면 교통사고 위험이 증가합니다.,"나는 조건부 자율 주행 시스템이 자전거 타는 사람들, 보행자, 양보 표지판 등을 알아서 해결할 것이라고 생각합니다."
211,조건부 자율 주행 시스템의 지침을 따르지 않으면 교통사고 위험이 증가합니다.,상용화된 자율 주행 시스템은 어떠한 문제도 일으키지 않을 것이라 믿습니다.
212,조건부 자율 주행 시스템의 지침을 따르지 않으면 교통사고 위험이 증가합니다.,여러 단계의 안전 장치가 장착된 자율 주행 시스템을 선호합니다.
213,조건부 자율 주행 시스템의 지침을 따르지 않으면 교통사고 위험이 증가합니다.,긴급 상황에서의 제동을 처리하기 위해서 자율적인 개입 없이 자율 주행 시스템에만 의존합니다.
214,조건부 자율 주행 시스템의 지침을 따르지 않으면 교통사고 위험이 증가합니다.,언제든지 자율 주행 시스템의 제어권을 수동으로 가져올 준비가 되어있어야 한다고 생각합니다.
215,조건부 자율 주행 시스템의 지침을 따르지 않으면 교통사고 위험이 증가합니다.,자율 주행 시스템은 각종 위험에 대해 보수적으로 작동하기 때문에 모든 경고를 심각하게 받아들일 필요는 없습니다.
216,조건부 자율 주행 시스템의 지침을 따르지 않으면 교통사고 위험이 증가합니다.,사람의 감독 없이도 자율 주행 시스템이 거친 도로나 일방통행 도로를 알아서 주행할 것이라고 믿습니다.
217,조건부 자율 주행 시스템의 지침을 따르지 않으면 교통사고 위험이 증가합니다.,"만약 차량 제어권 요청이 들어왔을 때, 내가 개입하지 않으면 자율 주행 시스템이 알아서 대응할 것이라고 믿습니다."
218,조건부 자율 주행 시스템의 지침을 따르지 않으면 교통사고 위험이 증가합니다.,제어권 전환 요청이 오더라도 즉각적으로 대응할 필요는 없다고 생각합니다.
219,조건부 자율 주행 시스템의 지침을 따르지 않으면 교통사고 위험이 증가합니다.,나는 자율 주행 시스템의 한계를 이해하고 응급 상황에서의 절차를 이해하기 위해 상세한 훈련에 참여하길 원합니다.
220,조건부 자율 주행 시스템의 지침을 따르지 않으면 교통사고 위험이 증가합니다.,자율 주행 시스템이 부분적으로 오래됐거나 오작동하더라도 차량을 운전하는 것은 괜찮습니다.
221,조건부 자율 주행 시스템의 지침을 따르지 않으면 교통사고 위험이 증가합니다.,자율 주행 차량을 운전할 때 빨간 불을 지나치는 것은 괜찮습니다.
222,조건부 자율 주행 시스템의 지침을 따르지 않으면 교통사고 위험이 증가합니다.,나는 노란 불에도 자율 주행 시스템이 운전을 지속하기를 원합니다.
223,"나는 조건부 자율 주행 시스템이 자전거 타는 사람들, 보행자, 양보 표지판 등을 알아서 해결할 것이라고 생각합니다.",상용화된 자율 주행 시스템은 어떠한 문제도 일으키지 않을 것이라 믿습니다.
224,"나는 조건부 자율 주행 시스템이 자전거 타는 사람들, 보행자, 양보 표지판 등을 알아서 해결할 것이라고 생각합니다.",여러 단계의 안전 장치가 장착된 자율 주행 시스템을 선호합니다.
225,"나는 조건부 자율 주행 시스템이 자전거 타는 사람들, 보행자, 양보 표지판 등을 알아서 해결할 것이라고 생각합니다.",긴급 상황에서의 제동을 처리하기 위해서 자율적인 개입 없이 자율 주행 시스템에만 의존합니다.
226,"나는 조건부 자율 주행 시스템이 자전거 타는 사람들, 보행자, 양보 표지판 등을 알아서 해결할 것이라고 생각합니다.",언제든지 자율 주행 시스템의 제어권을 수동으로 가져올 준비가 되어있어야 한다고 생각합니다.
227,"나는 조건부 자율 주행 시스템이 자전거 타는 사람들, 보행자, 양보 표지판 등을 알아서 해결할 것이라고 생각합니다.",자율 주행 시스템은 각종 위험에 대해 보수적으로 작동하기 때문에 모든 경고를 심각하게 받아들일 필요는 없습니다.
228,"나는 조건부 자율 주행 시스템이 자전거 타는 사람들, 보행자, 양보 표지판 등을 알아서 해결할 것이라고 생각합니다.",사람의 감독 없이도 자율 주행 시스템이 거친 도로나 일방통행 도로를 알아서 주행할 것이라고 믿습니다.
229,"나는 조건부 자율 주행 시스템이 자전거 타는 사람들, 보행자, 양보 표지판 등을 알아서 해결할 것이라고 생각합니다.","만약 차량 제어권 요청이 들어왔을 때, 내가 개입하지 않으면 자율 주행 시스템이 알아서 대응할 것이라고 믿습니다."
230,"나는 조건부 자율 주행 시스템이 자전거 타는 사람들, 보행자, 양보 표지판 등을 알아서 해결할 것이라고 생각합니다.",제어권 전환 요청이 오더라도 즉각적으로 대응할 필요는 없다고 생각합니다.
231,"나는 조건부 자율 주행 시스템이 자전거 타는 사람들, 보행자, 양보 표지판 등을 알아서 해결할 것이라고 생각합니다.",나는 자율 주행 시스템의 한계를 이해하고 응급 상황에서의 절차를 이해하기 위해 상세한 훈련에 참여하길 원합니다.
232,"나는 조건부 자율 주행 시스템이 자전거 타는 사람들, 보행자, 양보 표지판 등을 알아서 해결할 것이라고 생각합니다.",자율 주행 시스템이 부분적으로 오래됐거나 오작동하더라도 차량을 운전하는 것은 괜찮습니다.
233,"나는 조건부 자율 주행 시스템이 자전거 타는 사람들, 보행자, 양보 표지판 등을 알아서 해결할 것이라고 생각합니다.",자율 주행 차량을 운전할 때 빨간 불을 지나치는 것은 괜찮습니다.
234,"나는 조건부 자율 주행 시스템이 자전거 타는 사람들, 보행자, 양보 표지판 등을 알아서 해결할 것이라고 생각합니다.",나는 노란 불에도 자율 주행 시스템이 운전을 지속하기를 원합니다.
235,상용화된 자율 주행 시스템은 어떠한 문제도 일으키지 않을 것이라 믿습니다.,여러 단계의 안전 장치가 장착된 자율 주행 시스템을 선호합니다.
236,상용화된 자율 주행 시스템은 어떠한 문제도 일으키지 않을 것이라 믿습니다.,긴급 상황에서의 제동을 처리하기 위해서 자율적인 개입 없이 자율 주행 시스템에만 의존합니다.
237,상용화된 자율 주행 시스템은 어떠한 문제도 일으키지 않을 것이라 믿습니다.,언제든지 자율 주행 시스템의 제어권을 수동으로 가져올 준비가 되어있어야 한다고 생각합니다.
238,상용화된 자율 주행 시스템은 어떠한 문제도 일으키지 않을 것이라 믿습니다.,자율 주행 시스템은 각종 위험에 대해 보수적으로 작동하기 때문에 모든 경고를 심각하게 받아들일 필요는 없습니다.
239,상용화된 자율 주행 시스템은 어떠한 문제도 일으키지 않을 것이라 믿습니다.,사람의 감독 없이도 자율 주행 시스템이 거친 도로나 일방통행 도로를 알아서 주행할 것이라고 믿습니다.
240,상용화된 자율 주행 시스템은 어떠한 문제도 일으키지 않을 것이라 믿습니다.,"만약 차량 제어권 요청이 들어왔을 때, 내가 개입하지 않으면 자율 주행 시스템이 알아서 대응할 것이라고 믿습니다."
241,상용화된 자율 주행 시스템은 어떠한 문제도 일으키지 않을 것이라 믿습니다.,제어권 전환 요청이 오더라도 즉각적으로 대응할 필요는 없다고 생각합니다.
242,상용화된 자율 주행 시스템은 어떠한 문제도 일으키지 않을 것이라 믿습니다.,나는 자율 주행 시스템의 한계를 이해하고 응급 상황에서의 절차를 이해하기 위해 상세한 훈련에 참여하길 원합니다.
243,상용화된 자율 주행 시스템은 어떠한 문제도 일으키지 않을 것이라 믿습니다.,자율 주행 시스템이 부분적으로 오래됐거나 오작동하더라도 차량을 운전하는 것은 괜찮습니다.
244,상용화된 자율 주행 시스템은 어떠한 문제도 일으키지 않을 것이라 믿습니다.,자율 주행 차량을 운전할 때 빨간 불을 지나치는 것은 괜찮습니다.
245,상용화된 자율 주행 시스템은 어떠한 문제도 일으키지 않을 것이라 믿습니다.,나는 노란 불에도 자율 주행 시스템이 운전을 지속하기를 원합니다.
246,여러 단계의 안전 장치가 장착된 자율 주행 시스템을 선호합니다.,긴급 상황에서의 제동을 처리하기 위해서 자율적인 개입 없이 자율 주행 시스템에만 의존합니다.
247,여러 단계의 안전 장치가 장착된 자율 주행 시스템을 선호합니다.,언제든지 자율 주행 시스템의 제어권을 수동으로 가져올 준비가 되어있어야 한다고 생각합니다.
248,여러 단계의 안전 장치가 장착된 자율 주행 시스템을 선호합니다.,자율 주행 시스템은 각종 위험에 대해 보수적으로 작동하기 때문에 모든 경고를 심각하게 받아들일 필요는 없습니다.
249,여러 단계의 안전 장치가 장착된 자율 주행 시스템을 선호합니다.,사람의 감독 없이도 자율 주행 시스템이 거친 도로나 일방통행 도로를 알아서 주행할 것이라고 믿습니다.
250,여러 단계의 안전 장치가 장착된 자율 주행 시스템을 선호합니다.,"만약 차량 제어권 요청이 들어왔을 때, 내가 개입하지 않으면 자율 주행 시스템이 알아서 대응할 것이라고 믿습니다."
251,여러 단계의 안전 장치가 장착된 자율 주행 시스템을 선호합니다.,제어권 전환 요청이 오더라도 즉각적으로 대응할 필요는 없다고 생각합니다.
252,여러 단계의 안전 장치가 장착된 자율 주행 시스템을 선호합니다.,나는 자율 주행 시스템의 한계를 이해하고 응급 상황에서의 절차를 이해하기 위해 상세한 훈련에 참여하길 원합니다.
253,여러 단계의 안전 장치가 장착된 자율 주행 시스템을 선호합니다.,자율 주행 시스템이 부분적으로 오래됐거나 오작동하더라도 차량을 운전하는 것은 괜찮습니다.
254,여러 단계의 안전 장치가 장착된 자율 주행 시스템을 선호합니다.,자율 주행 차량을 운전할 때 빨간 불을 지나치는 것은 괜찮습니다.
255,여러 단계의 안전 장치가 장착된 자율 주행 시스템을 선호합니다.,나는 노란 불에도 자율 주행 시스템이 운전을 지속하기를 원합니다.
256,긴급 상황에서의 제동을 처리하기 위해서 자율적인 개입 없이 자율 주행 시스템에만 의존합니다.,언제든지 자율 주행 시스템의 제어권을 수동으로 가져올 준비가 되어있어야 한다고 생각합니다.
257,긴급 상황에서의 제동을 처리하기 위해서 자율적인 개입 없이 자율 주행 시스템에만 의존합니다.,자율 주행 시스템은 각종 위험에 대해 보수적으로 작동하기 때문에 모든 경고를 심각하게 받아들일 필요는 없습니다.
258,긴급 상황에서의 제동을 처리하기 위해서 자율적인 개입 없이 자율 주행 시스템에만 의존합니다.,사람의 감독 없이도 자율 주행 시스템이 거친 도로나 일방통행 도로를 알아서 주행할 것이라고 믿습니다.
259,긴급 상황에서의 제동을 처리하기 위해서 자율적인 개입 없이 자율 주행 시스템에만 의존합니다.,"만약 차량 제어권 요청이 들어왔을 때, 내가 개입하지 않으면 자율 주행 시스템이 알아서 대응할 것이라고 믿습니다."
260,긴급 상황에서의 제동을 처리하기 위해서 자율적인 개입 없이 자율 주행 시스템에만 의존합니다.,제어권 전환 요청이 오더라도 즉각적으로 대응할 필요는 없다고 생각합니다.
261,긴급 상황에서의 제동을 처리하기 위해서 자율적인 개입 없이 자율 주행 시스템에만 의존합니다.,나는 자율 주행 시스템의 한계를 이해하고 응급 상황에서의 절차를 이해하기 위해 상세한 훈련에 참여하길 원합니다.
262,긴급 상황에서의 제동을 처리하기 위해서 자율적인 개입 없이 자율 주행 시스템에만 의존합니다.,자율 주행 시스템이 부분적으로 오래됐거나 오작동하더라도 차량을 운전하는 것은 괜찮습니다.
263,긴급 상황에서의 제동을 처리하기 위해서 자율적인 개입 없이 자율 주행 시스템에만 의존합니다.,자율 주행 차량을 운전할 때 빨간 불을 지나치는 것은 괜찮습니다.
264,긴급 상황에서의 제동을 처리하기 위해서 자율적인 개입 없이 자율 주행 시스템에만 의존합니다.,나는 노란 불에도 자율 주행 시스템이 운전을 지속하기를 원합니다.
265,언제든지 자율 주행 시스템의 제어권을 수동으로 가져올 준비가 되어있어야 한다고 생각합니다.,자율 주행 시스템은 각종 위험에 대해 보수적으로 작동하기 때문에 모든 경고를 심각하게 받아들일 필요는 없습니다.
266,언제든지 자율 주행 시스템의 제어권을 수동으로 가져올 준비가 되어있어야 한다고 생각합니다.,사람의 감독 없이도 자율 주행 시스템이 거친 도로나 일방통행 도로를 알아서 주행할 것이라고 믿습니다.
267,언제든지 자율 주행 시스템의 제어권을 수동으로 가져올 준비가 되어있어야 한다고 생각합니다.,"만약 차량 제어권 요청이 들어왔을 때, 내가 개입하지 않으면 자율 주행 시스템이 알아서 대응할 것이라고 믿습니다."
268,언제든지 자율 주행 시스템의 제어권을 수동으로 가져올 준비가 되어있어야 한다고 생각합니다.,제어권 전환 요청이 오더라도 즉각적으로 대응할 필요는 없다고 생각합니다.
269,언제든지 자율 주행 시스템의 제어권을 수동으로 가져올 준비가 되어있어야 한다고 생각합니다.,나는 자율 주행 시스템의 한계를 이해하고 응급 상황에서의 절차를 이해하기 위해 상세한 훈련에 참여하길 원합니다.
270,언제든지 자율 주행 시스템의 제어권을 수동으로 가져올 준비가 되어있어야 한다고 생각합니다.,자율 주행 시스템이 부분적으로 오래됐거나 오작동하더라도 차량을 운전하는 것은 괜찮습니다.
271,언제든지 자율 주행 시스템의 제어권을 수동으로 가져올 준비가 되어있어야 한다고 생각합니다.,자율 주행 차량을 운전할 때 빨간 불을 지나치는 것은 괜찮습니다.
272,언제든지 자율 주행 시스템의 제어권을 수동으로 가져올 준비가 되어있어야 한다고 생각합니다.,나는 노란 불에도 자율 주행 시스템이 운전을 지속하기를 원합니다.
273,자율 주행 시스템은 각종 위험에 대해 보수적으로 작동하기 때문에 모든 경고를 심각하게 받아들일 필요는 없습니다.,사람의 감독 없이도 자율 주행 시스템이 거친 도로나 일방통행 도로를 알아서 주행할 것이라고 믿습니다.
274,자율 주행 시스템은 각종 위험에 대해 보수적으로 작동하기 때문에 모든 경고를 심각하게 받아들일 필요는 없습니다.,"만약 차량 제어권 요청이 들어왔을 때, 내가 개입하지 않으면 자율 주행 시스템이 알아서 대응할 것이라고 믿습니다."
275,자율 주행 시스템은 각종 위험에 대해 보수적으로 작동하기 때문에 모든 경고를 심각하게 받아들일 필요는 없습니다.,제어권 전환 요청이 오더라도 즉각적으로 대응할 필요는 없다고 생각합니다.
276,자율 주행 시스템은 각종 위험에 대해 보수적으로 작동하기 때문에 모든 경고를 심각하게 받아들일 필요는 없습니다.,나는 자율 주행 시스템의 한계를 이해하고 응급 상황에서의 절차를 이해하기 위해 상세한 훈련에 참여하길 원합니다.
277,자율 주행 시스템은 각종 위험에 대해 보수적으로 작동하기 때문에 모든 경고를 심각하게 받아들일 필요는 없습니다.,자율 주행 시스템이 부분적으로 오래됐거나 오작동하더라도 차량을 운전하는 것은 괜찮습니다.
278,자율 주행 시스템은 각종 위험에 대해 보수적으로 작동하기 때문에 모든 경고를 심각하게 받아들일 필요는 없습니다.,자율 주행 차량을 운전할 때 빨간 불을 지나치는 것은 괜찮습니다.
279,자율 주행 시스템은 각종 위험에 대해 보수적으로 작동하기 때문에 모든 경고를 심각하게 받아들일 필요는 없습니다.,나는 노란 불에도 자율 주행 시스템이 운전을 지속하기를 원합니다.
280,사람의 감독 없이도 자율 주행 시스템이 거친 도로나 일방통행 도로를 알아서 주행할 것이라고 믿습니다.,"만약 차량 제어권 요청이 들어왔을 때, 내가 개입하지 않으면 자율 주행 시스템이 알아서 대응할 것이라고 믿습니다."
281,사람의 감독 없이도 자율 주행 시스템이 거친 도로나 일방통행 도로를 알아서 주행할 것이라고 믿습니다.,제어권 전환 요청이 오더라도 즉각적으로 대응할 필요는 없다고 생각합니다.
282,사람의 감독 없이도 자율 주행 시스템이 거친 도로나 일방통행 도로를 알아서 주행할 것이라고 믿습니다.,나는 자율 주행 시스템의 한계를 이해하고 응급 상황에서의 절차를 이해하기 위해 상세한 훈련에 참여하길 원합니다.
283,사람의 감독 없이도 자율 주행 시스템이 거친 도로나 일방통행 도로를 알아서 주행할 것이라고 믿습니다.,자율 주행 시스템이 부분적으로 오래됐거나 오작동하더라도 차량을 운전하는 것은 괜찮습니다.
284,사람의 감독 없이도 자율 주행 시스템이 거친 도로나 일방통행 도로를 알아서 주행할 것이라고 믿습니다.,자율 주행 차량을 운전할 때 빨간 불을 지나치는 것은 괜찮습니다.
285,사람의 감독 없이도 자율 주행 시스템이 거친 도로나 일방통행 도로를 알아서 주행할 것이라고 믿습니다.,나는 노란 불에도 자율 주행 시스템이 운전을 지속하기를 원합니다.
286,"만약 차량 제어권 요청이 들어왔을 때, 내가 개입하지 않으면 자율 주행 시스템이 알아서 대응할 것이라고 믿습니다.",제어권 전환 요청이 오더라도 즉각적으로 대응할 필요는 없다고 생각합니다.
287,"만약 차량 제어권 요청이 들어왔을 때, 내가 개입하지 않으면 자율 주행 시스템이 알아서 대응할 것이라고 믿습니다.",나는 자율 주행 시스템의 한계를 이해하고 응급 상황에서의 절차를 이해하기 위해 상세한 훈련에 참여하길 원합니다.
288,"만약 차량 제어권 요청이 들어왔을 때, 내가 개입하지 않으면 자율 주행 시스템이 알아서 대응할 것이라고 믿습니다.",자율 주행 시스템이 부분적으로 오래됐거나 오작동하더라도 차량을 운전하는 것은 괜찮습니다.
289,"만약 차량 제어권 요청이 들어왔을 때, 내가 개입하지 않으면 자율 주행 시스템이 알아서 대응할 것이라고 믿습니다.",자율 주행 차량을 운전할 때 빨간 불을 지나치는 것은 괜찮습니다.
290,"만약 차량 제어권 요청이 들어왔을 때, 내가 개입하지 않으면 자율 주행 시스템이 알아서 대응할 것이라고 믿습니다.",나는 노란 불에도 자율 주행 시스템이 운전을 지속하기를 원합니다.
291,제어권 전환 요청이 오더라도 즉각적으로 대응할 필요는 없다고 생각합니다.,나는 자율 주행 시스템의 한계를 이해하고 응급 상황에서의 절차를 이해하기 위해 상세한 훈련에 참여하길 원합니다.
292,제어권 전환 요청이 오더라도 즉각적으로 대응할 필요는 없다고 생각합니다.,자율 주행 시스템이 부분적으로 오래됐거나 오작동하더라도 차량을 운전하는 것은 괜찮습니다.
293,제어권 전환 요청이 오더라도 즉각적으로 대응할 필요는 없다고 생각합니다.,자율 주행 차량을 운전할 때 빨간 불을 지나치는 것은 괜찮습니다.
294,제어권 전환 요청이 오더라도 즉각적으로 대응할 필요는 없다고 생각합니다.,나는 노란 불에도 자율 주행 시스템이 운전을 지속하기를 원합니다.
295,나는 자율 주행 시스템의 한계를 이해하고 응급 상황에서의 절차를 이해하기 위해 상세한 훈련에 참여하길 원합니다.,자율 주행 시스템이 부분적으로 오래됐거나 오작동하더라도 차량을 운전하는 것은 괜찮습니다.
296,나는 자율 주행 시스템의 한계를 이해하고 응급 상황에서의 절차를 이해하기 위해 상세한 훈련에 참여하길 원합니다.,자율 주행 차량을 운전할 때 빨간 불을 지나치는 것은 괜찮습니다.
297,나는 자율 주행 시스템의 한계를 이해하고 응급 상황에서의 절차를 이해하기 위해 상세한 훈련에 참여하길 원합니다.,나는 노란 불에도 자율 주행 시스템이 운전을 지속하기를 원합니다.
298,자율 주행 시스템이 부분적으로 오래됐거나 오작동하더라도 차량을 운전하는 것은 괜찮습니다.,자율 주행 차량을 운전할 때 빨간 불을 지나치는 것은 괜찮습니다.
299,자율 주행 시스템이 부분적으로 오래됐거나 오작동하더라도 차량을 운전하는 것은 괜찮습니다.,나는 노란 불에도 자율 주행 시스템이 운전을 지속하기를 원합니다.
300,자율 주행 차량을 운전할 때 빨간 불을 지나치는 것은 괜찮습니다.,나는 노란 불에도 자율 주행 시스템이 운전을 지속하기를 원합니다.
