ID,Sentence A,Sentence B
1,50. 나는 자율주행 중에도 운전자의 지속적인 주시가 필요하다고 생각합니다. ,51. 나는 제어권 전환으로 인한 수동 운전 가능성을 항상 생각합니다. 
2,50. 나는 자율주행 중에도 운전자의 지속적인 주시가 필요하다고 생각합니다. ,42. 자율 주행 기능이 자주 비활성화 될 것 같은 환경에서는 사람이 직접 운전하는 것이 낫습니다. 
3,50. 나는 자율주행 중에도 운전자의 지속적인 주시가 필요하다고 생각합니다. ,43. 제어권 전환 상황이 발생했을 때 제어권을 바로 이양받지 않으면 안된다고 생각합니다. 
4,50. 나는 자율주행 중에도 운전자의 지속적인 주시가 필요하다고 생각합니다. ,6. 조건부 자율 주행 시스템의 지침을 따르지 않으면 교통사고 위험이 증가합니다. 
5,50. 나는 자율주행 중에도 운전자의 지속적인 주시가 필요하다고 생각합니다. ,9. 여러 단계의 안전 장치가 장착된 자율 주행 시스템을 선호합니다. 
6,50. 나는 자율주행 중에도 운전자의 지속적인 주시가 필요하다고 생각합니다. ,37. 나는 자율 주행 시스템의 한계점을 항상 숙지하고자 합니다. 
7,50. 나는 자율주행 중에도 운전자의 지속적인 주시가 필요하다고 생각합니다. ,38. 나는 자율 주행 시스템 기능들의 표기 위치 (e.g. 앞 차량간 간격을 맞춰주는 기능이 활성화 되어 있음을 알려주는 visual cue의 위치)를 숙지하려고 합니다. 
8,50. 나는 자율주행 중에도 운전자의 지속적인 주시가 필요하다고 생각합니다. ,40. 나는 자율주행 중 졸음에 경각심이 있습니다. 
9,50. 나는 자율주행 중에도 운전자의 지속적인 주시가 필요하다고 생각합니다. ,48. 나는 교차로나 복잡한 구간에서는 직접 운전하는 것이 안전하다고 생각합니다. 
10,50. 나는 자율주행 중에도 운전자의 지속적인 주시가 필요하다고 생각합니다. ,15. 나는 자율 주행 시스템의 한계를 이해하고 응급 상황에서의 절차를 이해하기 위해 상세한 훈련에 참여하길 원합니다. 
11,50. 나는 자율주행 중에도 운전자의 지속적인 주시가 필요하다고 생각합니다. ,53. 나는 기상 악화나 야간 운전 시 자율주행 사용을 자제합니다. 
12,50. 나는 자율주행 중에도 운전자의 지속적인 주시가 필요하다고 생각합니다. ,47. 나는 자율주행을 보조 수단으로 간주합니다. 
13,50. 나는 자율주행 중에도 운전자의 지속적인 주시가 필요하다고 생각합니다. ,46. 나는 자율 주행 시스템이 돌발 상황에 완벽히 대응하지 못한다고 생각합니다. 
14,50. 나는 자율주행 중에도 운전자의 지속적인 주시가 필요하다고 생각합니다. ,"39. 나는 최근 자율주행 관련 이슈, 뉴스 등에 관심이 있습니다. "
15,50. 나는 자율주행 중에도 운전자의 지속적인 주시가 필요하다고 생각합니다. ,16. 내가 술을 마셨을 때 자율 주행 차량을 운전하는 것은 괜찮습니다. 
16,50. 나는 자율주행 중에도 운전자의 지속적인 주시가 필요하다고 생각합니다. ,5. 조건부 자율 주행 시스템이 책임질 것이기 때문에 나는 교통 법규를 위반해도 괜찮습니다. 
17,50. 나는 자율주행 중에도 운전자의 지속적인 주시가 필요하다고 생각합니다. ,22. 자율 주행 사고율이 높다고 하는 환경에서도 시스템이 작동만 한다면 나는 자율주행 모드로 주행하고 싶습니다. 
18,50. 나는 자율주행 중에도 운전자의 지속적인 주시가 필요하다고 생각합니다. ,35. 나는 자율주행 기술을 스릴을 느끼는 데 활용합니다(복잡한 주행 환경에서 기술 사용 등). 
19,50. 나는 자율주행 중에도 운전자의 지속적인 주시가 필요하다고 생각합니다. ,18. 자율 주행 차량을 운전할 때 빨간 불을 지나치는 것은 괜찮습니다. 
20,50. 나는 자율주행 중에도 운전자의 지속적인 주시가 필요하다고 생각합니다. ,8. 상용화된 자율 주행 시스템은 어떠한 문제도 일으키지 않을 것이라 믿습니다. 
21,50. 나는 자율주행 중에도 운전자의 지속적인 주시가 필요하다고 생각합니다. ,"13. 만약 차량 제어권 요청이 들어왔을 때, 내가 개입하지 않으면 자율 주행 시스템이 알아서 대응할 것이라고 믿습니다. "
22,50. 나는 자율주행 중에도 운전자의 지속적인 주시가 필요하다고 생각합니다. ,24. 나는 자율주행 시스템을 과도하게 신뢰합니다. 
23,50. 나는 자율주행 중에도 운전자의 지속적인 주시가 필요하다고 생각합니다. ,28. 나는 조건부 자율 주행 중에 졸리면 자도 된다고 생각합니다. 
24,50. 나는 자율주행 중에도 운전자의 지속적인 주시가 필요하다고 생각합니다. ,11. 사람의 감독 없이도 자율 주행 시스템이 거친 도로나 일방통행 도로를 알아서 주행할 것이라고 믿습니다. 
25,50. 나는 자율주행 중에도 운전자의 지속적인 주시가 필요하다고 생각합니다. ,17. 자율 주행 시스템이 부분적으로 오래됐거나 오작동하더라도 차량을 운전하는 것은 괜찮습니다. 
26,50. 나는 자율주행 중에도 운전자의 지속적인 주시가 필요하다고 생각합니다. ,33. 나는 자율주행 중 전방을 주시할 의무가 전혀 없다고 생각합니다. 
27,50. 나는 자율주행 중에도 운전자의 지속적인 주시가 필요하다고 생각합니다. ,34. 나는 돌발 상황이 생기면 운전자가 직접 나서지 않아도 자율주행 기술이 해결할 것이라고 믿습니다. 
28,50. 나는 자율주행 중에도 운전자의 지속적인 주시가 필요하다고 생각합니다. ,12. 자율 주행 시스템을 사용하다가 교통 법규를 위반하는 것은 차량 책임이기 때문에 신경 쓸 필요가 없습니다. 
29,50. 나는 자율주행 중에도 운전자의 지속적인 주시가 필요하다고 생각합니다. ,14. 제어권 전환 요청이 오더라도 즉각적으로 대응할 필요는 없다고 생각합니다. 
30,51. 나는 제어권 전환으로 인한 수동 운전 가능성을 항상 생각합니다. ,42. 자율 주행 기능이 자주 비활성화 될 것 같은 환경에서는 사람이 직접 운전하는 것이 낫습니다. 
31,51. 나는 제어권 전환으로 인한 수동 운전 가능성을 항상 생각합니다. ,43. 제어권 전환 상황이 발생했을 때 제어권을 바로 이양받지 않으면 안된다고 생각합니다. 
32,51. 나는 제어권 전환으로 인한 수동 운전 가능성을 항상 생각합니다. ,6. 조건부 자율 주행 시스템의 지침을 따르지 않으면 교통사고 위험이 증가합니다. 
33,51. 나는 제어권 전환으로 인한 수동 운전 가능성을 항상 생각합니다. ,9. 여러 단계의 안전 장치가 장착된 자율 주행 시스템을 선호합니다. 
34,51. 나는 제어권 전환으로 인한 수동 운전 가능성을 항상 생각합니다. ,37. 나는 자율 주행 시스템의 한계점을 항상 숙지하고자 합니다. 
35,51. 나는 제어권 전환으로 인한 수동 운전 가능성을 항상 생각합니다. ,38. 나는 자율 주행 시스템 기능들의 표기 위치 (e.g. 앞 차량간 간격을 맞춰주는 기능이 활성화 되어 있음을 알려주는 visual cue의 위치)를 숙지하려고 합니다. 
36,51. 나는 제어권 전환으로 인한 수동 운전 가능성을 항상 생각합니다. ,40. 나는 자율주행 중 졸음에 경각심이 있습니다. 
37,51. 나는 제어권 전환으로 인한 수동 운전 가능성을 항상 생각합니다. ,48. 나는 교차로나 복잡한 구간에서는 직접 운전하는 것이 안전하다고 생각합니다. 
38,51. 나는 제어권 전환으로 인한 수동 운전 가능성을 항상 생각합니다. ,15. 나는 자율 주행 시스템의 한계를 이해하고 응급 상황에서의 절차를 이해하기 위해 상세한 훈련에 참여하길 원합니다. 
39,51. 나는 제어권 전환으로 인한 수동 운전 가능성을 항상 생각합니다. ,53. 나는 기상 악화나 야간 운전 시 자율주행 사용을 자제합니다. 
40,51. 나는 제어권 전환으로 인한 수동 운전 가능성을 항상 생각합니다. ,47. 나는 자율주행을 보조 수단으로 간주합니다. 
41,51. 나는 제어권 전환으로 인한 수동 운전 가능성을 항상 생각합니다. ,46. 나는 자율 주행 시스템이 돌발 상황에 완벽히 대응하지 못한다고 생각합니다. 
42,51. 나는 제어권 전환으로 인한 수동 운전 가능성을 항상 생각합니다. ,"39. 나는 최근 자율주행 관련 이슈, 뉴스 등에 관심이 있습니다. "
43,51. 나는 제어권 전환으로 인한 수동 운전 가능성을 항상 생각합니다. ,16. 내가 술을 마셨을 때 자율 주행 차량을 운전하는 것은 괜찮습니다. 
44,51. 나는 제어권 전환으로 인한 수동 운전 가능성을 항상 생각합니다. ,5. 조건부 자율 주행 시스템이 책임질 것이기 때문에 나는 교통 법규를 위반해도 괜찮습니다. 
45,51. 나는 제어권 전환으로 인한 수동 운전 가능성을 항상 생각합니다. ,22. 자율 주행 사고율이 높다고 하는 환경에서도 시스템이 작동만 한다면 나는 자율주행 모드로 주행하고 싶습니다. 
46,51. 나는 제어권 전환으로 인한 수동 운전 가능성을 항상 생각합니다. ,35. 나는 자율주행 기술을 스릴을 느끼는 데 활용합니다(복잡한 주행 환경에서 기술 사용 등). 
47,51. 나는 제어권 전환으로 인한 수동 운전 가능성을 항상 생각합니다. ,18. 자율 주행 차량을 운전할 때 빨간 불을 지나치는 것은 괜찮습니다. 
48,51. 나는 제어권 전환으로 인한 수동 운전 가능성을 항상 생각합니다. ,8. 상용화된 자율 주행 시스템은 어떠한 문제도 일으키지 않을 것이라 믿습니다. 
49,51. 나는 제어권 전환으로 인한 수동 운전 가능성을 항상 생각합니다. ,"13. 만약 차량 제어권 요청이 들어왔을 때, 내가 개입하지 않으면 자율 주행 시스템이 알아서 대응할 것이라고 믿습니다. "
50,51. 나는 제어권 전환으로 인한 수동 운전 가능성을 항상 생각합니다. ,24. 나는 자율주행 시스템을 과도하게 신뢰합니다. 
51,51. 나는 제어권 전환으로 인한 수동 운전 가능성을 항상 생각합니다. ,28. 나는 조건부 자율 주행 중에 졸리면 자도 된다고 생각합니다. 
52,51. 나는 제어권 전환으로 인한 수동 운전 가능성을 항상 생각합니다. ,11. 사람의 감독 없이도 자율 주행 시스템이 거친 도로나 일방통행 도로를 알아서 주행할 것이라고 믿습니다. 
53,51. 나는 제어권 전환으로 인한 수동 운전 가능성을 항상 생각합니다. ,17. 자율 주행 시스템이 부분적으로 오래됐거나 오작동하더라도 차량을 운전하는 것은 괜찮습니다. 
54,51. 나는 제어권 전환으로 인한 수동 운전 가능성을 항상 생각합니다. ,33. 나는 자율주행 중 전방을 주시할 의무가 전혀 없다고 생각합니다. 
55,51. 나는 제어권 전환으로 인한 수동 운전 가능성을 항상 생각합니다. ,34. 나는 돌발 상황이 생기면 운전자가 직접 나서지 않아도 자율주행 기술이 해결할 것이라고 믿습니다. 
56,51. 나는 제어권 전환으로 인한 수동 운전 가능성을 항상 생각합니다. ,12. 자율 주행 시스템을 사용하다가 교통 법규를 위반하는 것은 차량 책임이기 때문에 신경 쓸 필요가 없습니다. 
57,51. 나는 제어권 전환으로 인한 수동 운전 가능성을 항상 생각합니다. ,14. 제어권 전환 요청이 오더라도 즉각적으로 대응할 필요는 없다고 생각합니다. 
58,42. 자율 주행 기능이 자주 비활성화 될 것 같은 환경에서는 사람이 직접 운전하는 것이 낫습니다. ,43. 제어권 전환 상황이 발생했을 때 제어권을 바로 이양받지 않으면 안된다고 생각합니다. 
59,42. 자율 주행 기능이 자주 비활성화 될 것 같은 환경에서는 사람이 직접 운전하는 것이 낫습니다. ,6. 조건부 자율 주행 시스템의 지침을 따르지 않으면 교통사고 위험이 증가합니다. 
60,42. 자율 주행 기능이 자주 비활성화 될 것 같은 환경에서는 사람이 직접 운전하는 것이 낫습니다. ,9. 여러 단계의 안전 장치가 장착된 자율 주행 시스템을 선호합니다. 
61,42. 자율 주행 기능이 자주 비활성화 될 것 같은 환경에서는 사람이 직접 운전하는 것이 낫습니다. ,37. 나는 자율 주행 시스템의 한계점을 항상 숙지하고자 합니다. 
62,42. 자율 주행 기능이 자주 비활성화 될 것 같은 환경에서는 사람이 직접 운전하는 것이 낫습니다. ,38. 나는 자율 주행 시스템 기능들의 표기 위치 (e.g. 앞 차량간 간격을 맞춰주는 기능이 활성화 되어 있음을 알려주는 visual cue의 위치)를 숙지하려고 합니다. 
63,42. 자율 주행 기능이 자주 비활성화 될 것 같은 환경에서는 사람이 직접 운전하는 것이 낫습니다. ,40. 나는 자율주행 중 졸음에 경각심이 있습니다. 
64,42. 자율 주행 기능이 자주 비활성화 될 것 같은 환경에서는 사람이 직접 운전하는 것이 낫습니다. ,48. 나는 교차로나 복잡한 구간에서는 직접 운전하는 것이 안전하다고 생각합니다. 
65,42. 자율 주행 기능이 자주 비활성화 될 것 같은 환경에서는 사람이 직접 운전하는 것이 낫습니다. ,15. 나는 자율 주행 시스템의 한계를 이해하고 응급 상황에서의 절차를 이해하기 위해 상세한 훈련에 참여하길 원합니다. 
66,42. 자율 주행 기능이 자주 비활성화 될 것 같은 환경에서는 사람이 직접 운전하는 것이 낫습니다. ,53. 나는 기상 악화나 야간 운전 시 자율주행 사용을 자제합니다. 
67,42. 자율 주행 기능이 자주 비활성화 될 것 같은 환경에서는 사람이 직접 운전하는 것이 낫습니다. ,47. 나는 자율주행을 보조 수단으로 간주합니다. 
68,42. 자율 주행 기능이 자주 비활성화 될 것 같은 환경에서는 사람이 직접 운전하는 것이 낫습니다. ,46. 나는 자율 주행 시스템이 돌발 상황에 완벽히 대응하지 못한다고 생각합니다. 
69,42. 자율 주행 기능이 자주 비활성화 될 것 같은 환경에서는 사람이 직접 운전하는 것이 낫습니다. ,"39. 나는 최근 자율주행 관련 이슈, 뉴스 등에 관심이 있습니다. "
70,42. 자율 주행 기능이 자주 비활성화 될 것 같은 환경에서는 사람이 직접 운전하는 것이 낫습니다. ,16. 내가 술을 마셨을 때 자율 주행 차량을 운전하는 것은 괜찮습니다. 
71,42. 자율 주행 기능이 자주 비활성화 될 것 같은 환경에서는 사람이 직접 운전하는 것이 낫습니다. ,5. 조건부 자율 주행 시스템이 책임질 것이기 때문에 나는 교통 법규를 위반해도 괜찮습니다. 
72,42. 자율 주행 기능이 자주 비활성화 될 것 같은 환경에서는 사람이 직접 운전하는 것이 낫습니다. ,22. 자율 주행 사고율이 높다고 하는 환경에서도 시스템이 작동만 한다면 나는 자율주행 모드로 주행하고 싶습니다. 
73,42. 자율 주행 기능이 자주 비활성화 될 것 같은 환경에서는 사람이 직접 운전하는 것이 낫습니다. ,35. 나는 자율주행 기술을 스릴을 느끼는 데 활용합니다(복잡한 주행 환경에서 기술 사용 등). 
74,42. 자율 주행 기능이 자주 비활성화 될 것 같은 환경에서는 사람이 직접 운전하는 것이 낫습니다. ,18. 자율 주행 차량을 운전할 때 빨간 불을 지나치는 것은 괜찮습니다. 
75,42. 자율 주행 기능이 자주 비활성화 될 것 같은 환경에서는 사람이 직접 운전하는 것이 낫습니다. ,8. 상용화된 자율 주행 시스템은 어떠한 문제도 일으키지 않을 것이라 믿습니다. 
76,42. 자율 주행 기능이 자주 비활성화 될 것 같은 환경에서는 사람이 직접 운전하는 것이 낫습니다. ,"13. 만약 차량 제어권 요청이 들어왔을 때, 내가 개입하지 않으면 자율 주행 시스템이 알아서 대응할 것이라고 믿습니다. "
77,42. 자율 주행 기능이 자주 비활성화 될 것 같은 환경에서는 사람이 직접 운전하는 것이 낫습니다. ,24. 나는 자율주행 시스템을 과도하게 신뢰합니다. 
78,42. 자율 주행 기능이 자주 비활성화 될 것 같은 환경에서는 사람이 직접 운전하는 것이 낫습니다. ,28. 나는 조건부 자율 주행 중에 졸리면 자도 된다고 생각합니다. 
79,42. 자율 주행 기능이 자주 비활성화 될 것 같은 환경에서는 사람이 직접 운전하는 것이 낫습니다. ,11. 사람의 감독 없이도 자율 주행 시스템이 거친 도로나 일방통행 도로를 알아서 주행할 것이라고 믿습니다. 
80,42. 자율 주행 기능이 자주 비활성화 될 것 같은 환경에서는 사람이 직접 운전하는 것이 낫습니다. ,17. 자율 주행 시스템이 부분적으로 오래됐거나 오작동하더라도 차량을 운전하는 것은 괜찮습니다. 
81,42. 자율 주행 기능이 자주 비활성화 될 것 같은 환경에서는 사람이 직접 운전하는 것이 낫습니다. ,33. 나는 자율주행 중 전방을 주시할 의무가 전혀 없다고 생각합니다. 
82,42. 자율 주행 기능이 자주 비활성화 될 것 같은 환경에서는 사람이 직접 운전하는 것이 낫습니다. ,34. 나는 돌발 상황이 생기면 운전자가 직접 나서지 않아도 자율주행 기술이 해결할 것이라고 믿습니다. 
83,42. 자율 주행 기능이 자주 비활성화 될 것 같은 환경에서는 사람이 직접 운전하는 것이 낫습니다. ,12. 자율 주행 시스템을 사용하다가 교통 법규를 위반하는 것은 차량 책임이기 때문에 신경 쓸 필요가 없습니다. 
84,42. 자율 주행 기능이 자주 비활성화 될 것 같은 환경에서는 사람이 직접 운전하는 것이 낫습니다. ,14. 제어권 전환 요청이 오더라도 즉각적으로 대응할 필요는 없다고 생각합니다. 
85,43. 제어권 전환 상황이 발생했을 때 제어권을 바로 이양받지 않으면 안된다고 생각합니다. ,6. 조건부 자율 주행 시스템의 지침을 따르지 않으면 교통사고 위험이 증가합니다. 
86,43. 제어권 전환 상황이 발생했을 때 제어권을 바로 이양받지 않으면 안된다고 생각합니다. ,9. 여러 단계의 안전 장치가 장착된 자율 주행 시스템을 선호합니다. 
87,43. 제어권 전환 상황이 발생했을 때 제어권을 바로 이양받지 않으면 안된다고 생각합니다. ,37. 나는 자율 주행 시스템의 한계점을 항상 숙지하고자 합니다. 
88,43. 제어권 전환 상황이 발생했을 때 제어권을 바로 이양받지 않으면 안된다고 생각합니다. ,38. 나는 자율 주행 시스템 기능들의 표기 위치 (e.g. 앞 차량간 간격을 맞춰주는 기능이 활성화 되어 있음을 알려주는 visual cue의 위치)를 숙지하려고 합니다. 
89,43. 제어권 전환 상황이 발생했을 때 제어권을 바로 이양받지 않으면 안된다고 생각합니다. ,40. 나는 자율주행 중 졸음에 경각심이 있습니다. 
90,43. 제어권 전환 상황이 발생했을 때 제어권을 바로 이양받지 않으면 안된다고 생각합니다. ,48. 나는 교차로나 복잡한 구간에서는 직접 운전하는 것이 안전하다고 생각합니다. 
91,43. 제어권 전환 상황이 발생했을 때 제어권을 바로 이양받지 않으면 안된다고 생각합니다. ,15. 나는 자율 주행 시스템의 한계를 이해하고 응급 상황에서의 절차를 이해하기 위해 상세한 훈련에 참여하길 원합니다. 
92,43. 제어권 전환 상황이 발생했을 때 제어권을 바로 이양받지 않으면 안된다고 생각합니다. ,53. 나는 기상 악화나 야간 운전 시 자율주행 사용을 자제합니다. 
93,43. 제어권 전환 상황이 발생했을 때 제어권을 바로 이양받지 않으면 안된다고 생각합니다. ,47. 나는 자율주행을 보조 수단으로 간주합니다. 
94,43. 제어권 전환 상황이 발생했을 때 제어권을 바로 이양받지 않으면 안된다고 생각합니다. ,46. 나는 자율 주행 시스템이 돌발 상황에 완벽히 대응하지 못한다고 생각합니다. 
95,43. 제어권 전환 상황이 발생했을 때 제어권을 바로 이양받지 않으면 안된다고 생각합니다. ,"39. 나는 최근 자율주행 관련 이슈, 뉴스 등에 관심이 있습니다. "
96,43. 제어권 전환 상황이 발생했을 때 제어권을 바로 이양받지 않으면 안된다고 생각합니다. ,16. 내가 술을 마셨을 때 자율 주행 차량을 운전하는 것은 괜찮습니다. 
97,43. 제어권 전환 상황이 발생했을 때 제어권을 바로 이양받지 않으면 안된다고 생각합니다. ,5. 조건부 자율 주행 시스템이 책임질 것이기 때문에 나는 교통 법규를 위반해도 괜찮습니다. 
98,43. 제어권 전환 상황이 발생했을 때 제어권을 바로 이양받지 않으면 안된다고 생각합니다. ,22. 자율 주행 사고율이 높다고 하는 환경에서도 시스템이 작동만 한다면 나는 자율주행 모드로 주행하고 싶습니다. 
99,43. 제어권 전환 상황이 발생했을 때 제어권을 바로 이양받지 않으면 안된다고 생각합니다. ,35. 나는 자율주행 기술을 스릴을 느끼는 데 활용합니다(복잡한 주행 환경에서 기술 사용 등). 
100,43. 제어권 전환 상황이 발생했을 때 제어권을 바로 이양받지 않으면 안된다고 생각합니다. ,18. 자율 주행 차량을 운전할 때 빨간 불을 지나치는 것은 괜찮습니다. 
101,43. 제어권 전환 상황이 발생했을 때 제어권을 바로 이양받지 않으면 안된다고 생각합니다. ,8. 상용화된 자율 주행 시스템은 어떠한 문제도 일으키지 않을 것이라 믿습니다. 
102,43. 제어권 전환 상황이 발생했을 때 제어권을 바로 이양받지 않으면 안된다고 생각합니다. ,"13. 만약 차량 제어권 요청이 들어왔을 때, 내가 개입하지 않으면 자율 주행 시스템이 알아서 대응할 것이라고 믿습니다. "
103,43. 제어권 전환 상황이 발생했을 때 제어권을 바로 이양받지 않으면 안된다고 생각합니다. ,24. 나는 자율주행 시스템을 과도하게 신뢰합니다. 
104,43. 제어권 전환 상황이 발생했을 때 제어권을 바로 이양받지 않으면 안된다고 생각합니다. ,28. 나는 조건부 자율 주행 중에 졸리면 자도 된다고 생각합니다. 
105,43. 제어권 전환 상황이 발생했을 때 제어권을 바로 이양받지 않으면 안된다고 생각합니다. ,11. 사람의 감독 없이도 자율 주행 시스템이 거친 도로나 일방통행 도로를 알아서 주행할 것이라고 믿습니다. 
106,43. 제어권 전환 상황이 발생했을 때 제어권을 바로 이양받지 않으면 안된다고 생각합니다. ,17. 자율 주행 시스템이 부분적으로 오래됐거나 오작동하더라도 차량을 운전하는 것은 괜찮습니다. 
107,43. 제어권 전환 상황이 발생했을 때 제어권을 바로 이양받지 않으면 안된다고 생각합니다. ,33. 나는 자율주행 중 전방을 주시할 의무가 전혀 없다고 생각합니다. 
108,43. 제어권 전환 상황이 발생했을 때 제어권을 바로 이양받지 않으면 안된다고 생각합니다. ,34. 나는 돌발 상황이 생기면 운전자가 직접 나서지 않아도 자율주행 기술이 해결할 것이라고 믿습니다. 
109,43. 제어권 전환 상황이 발생했을 때 제어권을 바로 이양받지 않으면 안된다고 생각합니다. ,12. 자율 주행 시스템을 사용하다가 교통 법규를 위반하는 것은 차량 책임이기 때문에 신경 쓸 필요가 없습니다. 
110,43. 제어권 전환 상황이 발생했을 때 제어권을 바로 이양받지 않으면 안된다고 생각합니다. ,14. 제어권 전환 요청이 오더라도 즉각적으로 대응할 필요는 없다고 생각합니다. 
111,6. 조건부 자율 주행 시스템의 지침을 따르지 않으면 교통사고 위험이 증가합니다. ,9. 여러 단계의 안전 장치가 장착된 자율 주행 시스템을 선호합니다. 
112,6. 조건부 자율 주행 시스템의 지침을 따르지 않으면 교통사고 위험이 증가합니다. ,37. 나는 자율 주행 시스템의 한계점을 항상 숙지하고자 합니다. 
113,6. 조건부 자율 주행 시스템의 지침을 따르지 않으면 교통사고 위험이 증가합니다. ,38. 나는 자율 주행 시스템 기능들의 표기 위치 (e.g. 앞 차량간 간격을 맞춰주는 기능이 활성화 되어 있음을 알려주는 visual cue의 위치)를 숙지하려고 합니다. 
114,6. 조건부 자율 주행 시스템의 지침을 따르지 않으면 교통사고 위험이 증가합니다. ,40. 나는 자율주행 중 졸음에 경각심이 있습니다. 
115,6. 조건부 자율 주행 시스템의 지침을 따르지 않으면 교통사고 위험이 증가합니다. ,48. 나는 교차로나 복잡한 구간에서는 직접 운전하는 것이 안전하다고 생각합니다. 
116,6. 조건부 자율 주행 시스템의 지침을 따르지 않으면 교통사고 위험이 증가합니다. ,15. 나는 자율 주행 시스템의 한계를 이해하고 응급 상황에서의 절차를 이해하기 위해 상세한 훈련에 참여하길 원합니다. 
117,6. 조건부 자율 주행 시스템의 지침을 따르지 않으면 교통사고 위험이 증가합니다. ,53. 나는 기상 악화나 야간 운전 시 자율주행 사용을 자제합니다. 
118,6. 조건부 자율 주행 시스템의 지침을 따르지 않으면 교통사고 위험이 증가합니다. ,47. 나는 자율주행을 보조 수단으로 간주합니다. 
119,6. 조건부 자율 주행 시스템의 지침을 따르지 않으면 교통사고 위험이 증가합니다. ,46. 나는 자율 주행 시스템이 돌발 상황에 완벽히 대응하지 못한다고 생각합니다. 
120,6. 조건부 자율 주행 시스템의 지침을 따르지 않으면 교통사고 위험이 증가합니다. ,"39. 나는 최근 자율주행 관련 이슈, 뉴스 등에 관심이 있습니다. "
121,6. 조건부 자율 주행 시스템의 지침을 따르지 않으면 교통사고 위험이 증가합니다. ,16. 내가 술을 마셨을 때 자율 주행 차량을 운전하는 것은 괜찮습니다. 
122,6. 조건부 자율 주행 시스템의 지침을 따르지 않으면 교통사고 위험이 증가합니다. ,5. 조건부 자율 주행 시스템이 책임질 것이기 때문에 나는 교통 법규를 위반해도 괜찮습니다. 
123,6. 조건부 자율 주행 시스템의 지침을 따르지 않으면 교통사고 위험이 증가합니다. ,22. 자율 주행 사고율이 높다고 하는 환경에서도 시스템이 작동만 한다면 나는 자율주행 모드로 주행하고 싶습니다. 
124,6. 조건부 자율 주행 시스템의 지침을 따르지 않으면 교통사고 위험이 증가합니다. ,35. 나는 자율주행 기술을 스릴을 느끼는 데 활용합니다(복잡한 주행 환경에서 기술 사용 등). 
125,6. 조건부 자율 주행 시스템의 지침을 따르지 않으면 교통사고 위험이 증가합니다. ,18. 자율 주행 차량을 운전할 때 빨간 불을 지나치는 것은 괜찮습니다. 
126,6. 조건부 자율 주행 시스템의 지침을 따르지 않으면 교통사고 위험이 증가합니다. ,8. 상용화된 자율 주행 시스템은 어떠한 문제도 일으키지 않을 것이라 믿습니다. 
127,6. 조건부 자율 주행 시스템의 지침을 따르지 않으면 교통사고 위험이 증가합니다. ,"13. 만약 차량 제어권 요청이 들어왔을 때, 내가 개입하지 않으면 자율 주행 시스템이 알아서 대응할 것이라고 믿습니다. "
128,6. 조건부 자율 주행 시스템의 지침을 따르지 않으면 교통사고 위험이 증가합니다. ,24. 나는 자율주행 시스템을 과도하게 신뢰합니다. 
129,6. 조건부 자율 주행 시스템의 지침을 따르지 않으면 교통사고 위험이 증가합니다. ,28. 나는 조건부 자율 주행 중에 졸리면 자도 된다고 생각합니다. 
130,6. 조건부 자율 주행 시스템의 지침을 따르지 않으면 교통사고 위험이 증가합니다. ,11. 사람의 감독 없이도 자율 주행 시스템이 거친 도로나 일방통행 도로를 알아서 주행할 것이라고 믿습니다. 
131,6. 조건부 자율 주행 시스템의 지침을 따르지 않으면 교통사고 위험이 증가합니다. ,17. 자율 주행 시스템이 부분적으로 오래됐거나 오작동하더라도 차량을 운전하는 것은 괜찮습니다. 
132,6. 조건부 자율 주행 시스템의 지침을 따르지 않으면 교통사고 위험이 증가합니다. ,33. 나는 자율주행 중 전방을 주시할 의무가 전혀 없다고 생각합니다. 
133,6. 조건부 자율 주행 시스템의 지침을 따르지 않으면 교통사고 위험이 증가합니다. ,34. 나는 돌발 상황이 생기면 운전자가 직접 나서지 않아도 자율주행 기술이 해결할 것이라고 믿습니다. 
134,6. 조건부 자율 주행 시스템의 지침을 따르지 않으면 교통사고 위험이 증가합니다. ,12. 자율 주행 시스템을 사용하다가 교통 법규를 위반하는 것은 차량 책임이기 때문에 신경 쓸 필요가 없습니다. 
135,6. 조건부 자율 주행 시스템의 지침을 따르지 않으면 교통사고 위험이 증가합니다. ,14. 제어권 전환 요청이 오더라도 즉각적으로 대응할 필요는 없다고 생각합니다. 
136,9. 여러 단계의 안전 장치가 장착된 자율 주행 시스템을 선호합니다. ,37. 나는 자율 주행 시스템의 한계점을 항상 숙지하고자 합니다. 
137,9. 여러 단계의 안전 장치가 장착된 자율 주행 시스템을 선호합니다. ,38. 나는 자율 주행 시스템 기능들의 표기 위치 (e.g. 앞 차량간 간격을 맞춰주는 기능이 활성화 되어 있음을 알려주는 visual cue의 위치)를 숙지하려고 합니다. 
138,9. 여러 단계의 안전 장치가 장착된 자율 주행 시스템을 선호합니다. ,40. 나는 자율주행 중 졸음에 경각심이 있습니다. 
139,9. 여러 단계의 안전 장치가 장착된 자율 주행 시스템을 선호합니다. ,48. 나는 교차로나 복잡한 구간에서는 직접 운전하는 것이 안전하다고 생각합니다. 
140,9. 여러 단계의 안전 장치가 장착된 자율 주행 시스템을 선호합니다. ,15. 나는 자율 주행 시스템의 한계를 이해하고 응급 상황에서의 절차를 이해하기 위해 상세한 훈련에 참여하길 원합니다. 
141,9. 여러 단계의 안전 장치가 장착된 자율 주행 시스템을 선호합니다. ,53. 나는 기상 악화나 야간 운전 시 자율주행 사용을 자제합니다. 
142,9. 여러 단계의 안전 장치가 장착된 자율 주행 시스템을 선호합니다. ,47. 나는 자율주행을 보조 수단으로 간주합니다. 
143,9. 여러 단계의 안전 장치가 장착된 자율 주행 시스템을 선호합니다. ,46. 나는 자율 주행 시스템이 돌발 상황에 완벽히 대응하지 못한다고 생각합니다. 
144,9. 여러 단계의 안전 장치가 장착된 자율 주행 시스템을 선호합니다. ,"39. 나는 최근 자율주행 관련 이슈, 뉴스 등에 관심이 있습니다. "
145,9. 여러 단계의 안전 장치가 장착된 자율 주행 시스템을 선호합니다. ,16. 내가 술을 마셨을 때 자율 주행 차량을 운전하는 것은 괜찮습니다. 
146,9. 여러 단계의 안전 장치가 장착된 자율 주행 시스템을 선호합니다. ,5. 조건부 자율 주행 시스템이 책임질 것이기 때문에 나는 교통 법규를 위반해도 괜찮습니다. 
147,9. 여러 단계의 안전 장치가 장착된 자율 주행 시스템을 선호합니다. ,22. 자율 주행 사고율이 높다고 하는 환경에서도 시스템이 작동만 한다면 나는 자율주행 모드로 주행하고 싶습니다. 
148,9. 여러 단계의 안전 장치가 장착된 자율 주행 시스템을 선호합니다. ,35. 나는 자율주행 기술을 스릴을 느끼는 데 활용합니다(복잡한 주행 환경에서 기술 사용 등). 
149,9. 여러 단계의 안전 장치가 장착된 자율 주행 시스템을 선호합니다. ,18. 자율 주행 차량을 운전할 때 빨간 불을 지나치는 것은 괜찮습니다. 
150,9. 여러 단계의 안전 장치가 장착된 자율 주행 시스템을 선호합니다. ,8. 상용화된 자율 주행 시스템은 어떠한 문제도 일으키지 않을 것이라 믿습니다. 
151,9. 여러 단계의 안전 장치가 장착된 자율 주행 시스템을 선호합니다. ,"13. 만약 차량 제어권 요청이 들어왔을 때, 내가 개입하지 않으면 자율 주행 시스템이 알아서 대응할 것이라고 믿습니다. "
152,9. 여러 단계의 안전 장치가 장착된 자율 주행 시스템을 선호합니다. ,24. 나는 자율주행 시스템을 과도하게 신뢰합니다. 
153,9. 여러 단계의 안전 장치가 장착된 자율 주행 시스템을 선호합니다. ,28. 나는 조건부 자율 주행 중에 졸리면 자도 된다고 생각합니다. 
154,9. 여러 단계의 안전 장치가 장착된 자율 주행 시스템을 선호합니다. ,11. 사람의 감독 없이도 자율 주행 시스템이 거친 도로나 일방통행 도로를 알아서 주행할 것이라고 믿습니다. 
155,9. 여러 단계의 안전 장치가 장착된 자율 주행 시스템을 선호합니다. ,17. 자율 주행 시스템이 부분적으로 오래됐거나 오작동하더라도 차량을 운전하는 것은 괜찮습니다. 
156,9. 여러 단계의 안전 장치가 장착된 자율 주행 시스템을 선호합니다. ,33. 나는 자율주행 중 전방을 주시할 의무가 전혀 없다고 생각합니다. 
157,9. 여러 단계의 안전 장치가 장착된 자율 주행 시스템을 선호합니다. ,34. 나는 돌발 상황이 생기면 운전자가 직접 나서지 않아도 자율주행 기술이 해결할 것이라고 믿습니다. 
158,9. 여러 단계의 안전 장치가 장착된 자율 주행 시스템을 선호합니다. ,12. 자율 주행 시스템을 사용하다가 교통 법규를 위반하는 것은 차량 책임이기 때문에 신경 쓸 필요가 없습니다. 
159,9. 여러 단계의 안전 장치가 장착된 자율 주행 시스템을 선호합니다. ,14. 제어권 전환 요청이 오더라도 즉각적으로 대응할 필요는 없다고 생각합니다. 
160,37. 나는 자율 주행 시스템의 한계점을 항상 숙지하고자 합니다. ,38. 나는 자율 주행 시스템 기능들의 표기 위치 (e.g. 앞 차량간 간격을 맞춰주는 기능이 활성화 되어 있음을 알려주는 visual cue의 위치)를 숙지하려고 합니다. 
161,37. 나는 자율 주행 시스템의 한계점을 항상 숙지하고자 합니다. ,40. 나는 자율주행 중 졸음에 경각심이 있습니다. 
162,37. 나는 자율 주행 시스템의 한계점을 항상 숙지하고자 합니다. ,48. 나는 교차로나 복잡한 구간에서는 직접 운전하는 것이 안전하다고 생각합니다. 
163,37. 나는 자율 주행 시스템의 한계점을 항상 숙지하고자 합니다. ,15. 나는 자율 주행 시스템의 한계를 이해하고 응급 상황에서의 절차를 이해하기 위해 상세한 훈련에 참여하길 원합니다. 
164,37. 나는 자율 주행 시스템의 한계점을 항상 숙지하고자 합니다. ,53. 나는 기상 악화나 야간 운전 시 자율주행 사용을 자제합니다. 
165,37. 나는 자율 주행 시스템의 한계점을 항상 숙지하고자 합니다. ,47. 나는 자율주행을 보조 수단으로 간주합니다. 
166,37. 나는 자율 주행 시스템의 한계점을 항상 숙지하고자 합니다. ,46. 나는 자율 주행 시스템이 돌발 상황에 완벽히 대응하지 못한다고 생각합니다. 
167,37. 나는 자율 주행 시스템의 한계점을 항상 숙지하고자 합니다. ,"39. 나는 최근 자율주행 관련 이슈, 뉴스 등에 관심이 있습니다. "
168,37. 나는 자율 주행 시스템의 한계점을 항상 숙지하고자 합니다. ,16. 내가 술을 마셨을 때 자율 주행 차량을 운전하는 것은 괜찮습니다. 
169,37. 나는 자율 주행 시스템의 한계점을 항상 숙지하고자 합니다. ,5. 조건부 자율 주행 시스템이 책임질 것이기 때문에 나는 교통 법규를 위반해도 괜찮습니다. 
170,37. 나는 자율 주행 시스템의 한계점을 항상 숙지하고자 합니다. ,22. 자율 주행 사고율이 높다고 하는 환경에서도 시스템이 작동만 한다면 나는 자율주행 모드로 주행하고 싶습니다. 
171,37. 나는 자율 주행 시스템의 한계점을 항상 숙지하고자 합니다. ,35. 나는 자율주행 기술을 스릴을 느끼는 데 활용합니다(복잡한 주행 환경에서 기술 사용 등). 
172,37. 나는 자율 주행 시스템의 한계점을 항상 숙지하고자 합니다. ,18. 자율 주행 차량을 운전할 때 빨간 불을 지나치는 것은 괜찮습니다. 
173,37. 나는 자율 주행 시스템의 한계점을 항상 숙지하고자 합니다. ,8. 상용화된 자율 주행 시스템은 어떠한 문제도 일으키지 않을 것이라 믿습니다. 
174,37. 나는 자율 주행 시스템의 한계점을 항상 숙지하고자 합니다. ,"13. 만약 차량 제어권 요청이 들어왔을 때, 내가 개입하지 않으면 자율 주행 시스템이 알아서 대응할 것이라고 믿습니다. "
175,37. 나는 자율 주행 시스템의 한계점을 항상 숙지하고자 합니다. ,24. 나는 자율주행 시스템을 과도하게 신뢰합니다. 
176,37. 나는 자율 주행 시스템의 한계점을 항상 숙지하고자 합니다. ,28. 나는 조건부 자율 주행 중에 졸리면 자도 된다고 생각합니다. 
177,37. 나는 자율 주행 시스템의 한계점을 항상 숙지하고자 합니다. ,11. 사람의 감독 없이도 자율 주행 시스템이 거친 도로나 일방통행 도로를 알아서 주행할 것이라고 믿습니다. 
178,37. 나는 자율 주행 시스템의 한계점을 항상 숙지하고자 합니다. ,17. 자율 주행 시스템이 부분적으로 오래됐거나 오작동하더라도 차량을 운전하는 것은 괜찮습니다. 
179,37. 나는 자율 주행 시스템의 한계점을 항상 숙지하고자 합니다. ,33. 나는 자율주행 중 전방을 주시할 의무가 전혀 없다고 생각합니다. 
180,37. 나는 자율 주행 시스템의 한계점을 항상 숙지하고자 합니다. ,34. 나는 돌발 상황이 생기면 운전자가 직접 나서지 않아도 자율주행 기술이 해결할 것이라고 믿습니다. 
181,37. 나는 자율 주행 시스템의 한계점을 항상 숙지하고자 합니다. ,12. 자율 주행 시스템을 사용하다가 교통 법규를 위반하는 것은 차량 책임이기 때문에 신경 쓸 필요가 없습니다. 
182,37. 나는 자율 주행 시스템의 한계점을 항상 숙지하고자 합니다. ,14. 제어권 전환 요청이 오더라도 즉각적으로 대응할 필요는 없다고 생각합니다. 
183,38. 나는 자율 주행 시스템 기능들의 표기 위치 (e.g. 앞 차량간 간격을 맞춰주는 기능이 활성화 되어 있음을 알려주는 visual cue의 위치)를 숙지하려고 합니다. ,40. 나는 자율주행 중 졸음에 경각심이 있습니다. 
184,38. 나는 자율 주행 시스템 기능들의 표기 위치 (e.g. 앞 차량간 간격을 맞춰주는 기능이 활성화 되어 있음을 알려주는 visual cue의 위치)를 숙지하려고 합니다. ,48. 나는 교차로나 복잡한 구간에서는 직접 운전하는 것이 안전하다고 생각합니다. 
185,38. 나는 자율 주행 시스템 기능들의 표기 위치 (e.g. 앞 차량간 간격을 맞춰주는 기능이 활성화 되어 있음을 알려주는 visual cue의 위치)를 숙지하려고 합니다. ,15. 나는 자율 주행 시스템의 한계를 이해하고 응급 상황에서의 절차를 이해하기 위해 상세한 훈련에 참여하길 원합니다. 
186,38. 나는 자율 주행 시스템 기능들의 표기 위치 (e.g. 앞 차량간 간격을 맞춰주는 기능이 활성화 되어 있음을 알려주는 visual cue의 위치)를 숙지하려고 합니다. ,53. 나는 기상 악화나 야간 운전 시 자율주행 사용을 자제합니다. 
187,38. 나는 자율 주행 시스템 기능들의 표기 위치 (e.g. 앞 차량간 간격을 맞춰주는 기능이 활성화 되어 있음을 알려주는 visual cue의 위치)를 숙지하려고 합니다. ,47. 나는 자율주행을 보조 수단으로 간주합니다. 
188,38. 나는 자율 주행 시스템 기능들의 표기 위치 (e.g. 앞 차량간 간격을 맞춰주는 기능이 활성화 되어 있음을 알려주는 visual cue의 위치)를 숙지하려고 합니다. ,46. 나는 자율 주행 시스템이 돌발 상황에 완벽히 대응하지 못한다고 생각합니다. 
189,38. 나는 자율 주행 시스템 기능들의 표기 위치 (e.g. 앞 차량간 간격을 맞춰주는 기능이 활성화 되어 있음을 알려주는 visual cue의 위치)를 숙지하려고 합니다. ,"39. 나는 최근 자율주행 관련 이슈, 뉴스 등에 관심이 있습니다. "
190,38. 나는 자율 주행 시스템 기능들의 표기 위치 (e.g. 앞 차량간 간격을 맞춰주는 기능이 활성화 되어 있음을 알려주는 visual cue의 위치)를 숙지하려고 합니다. ,16. 내가 술을 마셨을 때 자율 주행 차량을 운전하는 것은 괜찮습니다. 
191,38. 나는 자율 주행 시스템 기능들의 표기 위치 (e.g. 앞 차량간 간격을 맞춰주는 기능이 활성화 되어 있음을 알려주는 visual cue의 위치)를 숙지하려고 합니다. ,5. 조건부 자율 주행 시스템이 책임질 것이기 때문에 나는 교통 법규를 위반해도 괜찮습니다. 
192,38. 나는 자율 주행 시스템 기능들의 표기 위치 (e.g. 앞 차량간 간격을 맞춰주는 기능이 활성화 되어 있음을 알려주는 visual cue의 위치)를 숙지하려고 합니다. ,22. 자율 주행 사고율이 높다고 하는 환경에서도 시스템이 작동만 한다면 나는 자율주행 모드로 주행하고 싶습니다. 
193,38. 나는 자율 주행 시스템 기능들의 표기 위치 (e.g. 앞 차량간 간격을 맞춰주는 기능이 활성화 되어 있음을 알려주는 visual cue의 위치)를 숙지하려고 합니다. ,35. 나는 자율주행 기술을 스릴을 느끼는 데 활용합니다(복잡한 주행 환경에서 기술 사용 등). 
194,38. 나는 자율 주행 시스템 기능들의 표기 위치 (e.g. 앞 차량간 간격을 맞춰주는 기능이 활성화 되어 있음을 알려주는 visual cue의 위치)를 숙지하려고 합니다. ,18. 자율 주행 차량을 운전할 때 빨간 불을 지나치는 것은 괜찮습니다. 
195,38. 나는 자율 주행 시스템 기능들의 표기 위치 (e.g. 앞 차량간 간격을 맞춰주는 기능이 활성화 되어 있음을 알려주는 visual cue의 위치)를 숙지하려고 합니다. ,8. 상용화된 자율 주행 시스템은 어떠한 문제도 일으키지 않을 것이라 믿습니다. 
196,38. 나는 자율 주행 시스템 기능들의 표기 위치 (e.g. 앞 차량간 간격을 맞춰주는 기능이 활성화 되어 있음을 알려주는 visual cue의 위치)를 숙지하려고 합니다. ,"13. 만약 차량 제어권 요청이 들어왔을 때, 내가 개입하지 않으면 자율 주행 시스템이 알아서 대응할 것이라고 믿습니다. "
197,38. 나는 자율 주행 시스템 기능들의 표기 위치 (e.g. 앞 차량간 간격을 맞춰주는 기능이 활성화 되어 있음을 알려주는 visual cue의 위치)를 숙지하려고 합니다. ,24. 나는 자율주행 시스템을 과도하게 신뢰합니다. 
198,38. 나는 자율 주행 시스템 기능들의 표기 위치 (e.g. 앞 차량간 간격을 맞춰주는 기능이 활성화 되어 있음을 알려주는 visual cue의 위치)를 숙지하려고 합니다. ,28. 나는 조건부 자율 주행 중에 졸리면 자도 된다고 생각합니다. 
199,38. 나는 자율 주행 시스템 기능들의 표기 위치 (e.g. 앞 차량간 간격을 맞춰주는 기능이 활성화 되어 있음을 알려주는 visual cue의 위치)를 숙지하려고 합니다. ,11. 사람의 감독 없이도 자율 주행 시스템이 거친 도로나 일방통행 도로를 알아서 주행할 것이라고 믿습니다. 
200,38. 나는 자율 주행 시스템 기능들의 표기 위치 (e.g. 앞 차량간 간격을 맞춰주는 기능이 활성화 되어 있음을 알려주는 visual cue의 위치)를 숙지하려고 합니다. ,17. 자율 주행 시스템이 부분적으로 오래됐거나 오작동하더라도 차량을 운전하는 것은 괜찮습니다. 
201,38. 나는 자율 주행 시스템 기능들의 표기 위치 (e.g. 앞 차량간 간격을 맞춰주는 기능이 활성화 되어 있음을 알려주는 visual cue의 위치)를 숙지하려고 합니다. ,33. 나는 자율주행 중 전방을 주시할 의무가 전혀 없다고 생각합니다. 
202,38. 나는 자율 주행 시스템 기능들의 표기 위치 (e.g. 앞 차량간 간격을 맞춰주는 기능이 활성화 되어 있음을 알려주는 visual cue의 위치)를 숙지하려고 합니다. ,34. 나는 돌발 상황이 생기면 운전자가 직접 나서지 않아도 자율주행 기술이 해결할 것이라고 믿습니다. 
203,38. 나는 자율 주행 시스템 기능들의 표기 위치 (e.g. 앞 차량간 간격을 맞춰주는 기능이 활성화 되어 있음을 알려주는 visual cue의 위치)를 숙지하려고 합니다. ,12. 자율 주행 시스템을 사용하다가 교통 법규를 위반하는 것은 차량 책임이기 때문에 신경 쓸 필요가 없습니다. 
204,38. 나는 자율 주행 시스템 기능들의 표기 위치 (e.g. 앞 차량간 간격을 맞춰주는 기능이 활성화 되어 있음을 알려주는 visual cue의 위치)를 숙지하려고 합니다. ,14. 제어권 전환 요청이 오더라도 즉각적으로 대응할 필요는 없다고 생각합니다. 
205,40. 나는 자율주행 중 졸음에 경각심이 있습니다. ,48. 나는 교차로나 복잡한 구간에서는 직접 운전하는 것이 안전하다고 생각합니다. 
206,40. 나는 자율주행 중 졸음에 경각심이 있습니다. ,15. 나는 자율 주행 시스템의 한계를 이해하고 응급 상황에서의 절차를 이해하기 위해 상세한 훈련에 참여하길 원합니다. 
207,40. 나는 자율주행 중 졸음에 경각심이 있습니다. ,53. 나는 기상 악화나 야간 운전 시 자율주행 사용을 자제합니다. 
208,40. 나는 자율주행 중 졸음에 경각심이 있습니다. ,47. 나는 자율주행을 보조 수단으로 간주합니다. 
209,40. 나는 자율주행 중 졸음에 경각심이 있습니다. ,46. 나는 자율 주행 시스템이 돌발 상황에 완벽히 대응하지 못한다고 생각합니다. 
210,40. 나는 자율주행 중 졸음에 경각심이 있습니다. ,"39. 나는 최근 자율주행 관련 이슈, 뉴스 등에 관심이 있습니다. "
211,40. 나는 자율주행 중 졸음에 경각심이 있습니다. ,16. 내가 술을 마셨을 때 자율 주행 차량을 운전하는 것은 괜찮습니다. 
212,40. 나는 자율주행 중 졸음에 경각심이 있습니다. ,5. 조건부 자율 주행 시스템이 책임질 것이기 때문에 나는 교통 법규를 위반해도 괜찮습니다. 
213,40. 나는 자율주행 중 졸음에 경각심이 있습니다. ,22. 자율 주행 사고율이 높다고 하는 환경에서도 시스템이 작동만 한다면 나는 자율주행 모드로 주행하고 싶습니다. 
214,40. 나는 자율주행 중 졸음에 경각심이 있습니다. ,35. 나는 자율주행 기술을 스릴을 느끼는 데 활용합니다(복잡한 주행 환경에서 기술 사용 등). 
215,40. 나는 자율주행 중 졸음에 경각심이 있습니다. ,18. 자율 주행 차량을 운전할 때 빨간 불을 지나치는 것은 괜찮습니다. 
216,40. 나는 자율주행 중 졸음에 경각심이 있습니다. ,8. 상용화된 자율 주행 시스템은 어떠한 문제도 일으키지 않을 것이라 믿습니다. 
217,40. 나는 자율주행 중 졸음에 경각심이 있습니다. ,"13. 만약 차량 제어권 요청이 들어왔을 때, 내가 개입하지 않으면 자율 주행 시스템이 알아서 대응할 것이라고 믿습니다. "
218,40. 나는 자율주행 중 졸음에 경각심이 있습니다. ,24. 나는 자율주행 시스템을 과도하게 신뢰합니다. 
219,40. 나는 자율주행 중 졸음에 경각심이 있습니다. ,28. 나는 조건부 자율 주행 중에 졸리면 자도 된다고 생각합니다. 
220,40. 나는 자율주행 중 졸음에 경각심이 있습니다. ,11. 사람의 감독 없이도 자율 주행 시스템이 거친 도로나 일방통행 도로를 알아서 주행할 것이라고 믿습니다. 
221,40. 나는 자율주행 중 졸음에 경각심이 있습니다. ,17. 자율 주행 시스템이 부분적으로 오래됐거나 오작동하더라도 차량을 운전하는 것은 괜찮습니다. 
222,40. 나는 자율주행 중 졸음에 경각심이 있습니다. ,33. 나는 자율주행 중 전방을 주시할 의무가 전혀 없다고 생각합니다. 
223,40. 나는 자율주행 중 졸음에 경각심이 있습니다. ,34. 나는 돌발 상황이 생기면 운전자가 직접 나서지 않아도 자율주행 기술이 해결할 것이라고 믿습니다. 
224,40. 나는 자율주행 중 졸음에 경각심이 있습니다. ,12. 자율 주행 시스템을 사용하다가 교통 법규를 위반하는 것은 차량 책임이기 때문에 신경 쓸 필요가 없습니다. 
225,40. 나는 자율주행 중 졸음에 경각심이 있습니다. ,14. 제어권 전환 요청이 오더라도 즉각적으로 대응할 필요는 없다고 생각합니다. 
226,48. 나는 교차로나 복잡한 구간에서는 직접 운전하는 것이 안전하다고 생각합니다. ,15. 나는 자율 주행 시스템의 한계를 이해하고 응급 상황에서의 절차를 이해하기 위해 상세한 훈련에 참여하길 원합니다. 
227,48. 나는 교차로나 복잡한 구간에서는 직접 운전하는 것이 안전하다고 생각합니다. ,53. 나는 기상 악화나 야간 운전 시 자율주행 사용을 자제합니다. 
228,48. 나는 교차로나 복잡한 구간에서는 직접 운전하는 것이 안전하다고 생각합니다. ,47. 나는 자율주행을 보조 수단으로 간주합니다. 
229,48. 나는 교차로나 복잡한 구간에서는 직접 운전하는 것이 안전하다고 생각합니다. ,46. 나는 자율 주행 시스템이 돌발 상황에 완벽히 대응하지 못한다고 생각합니다. 
230,48. 나는 교차로나 복잡한 구간에서는 직접 운전하는 것이 안전하다고 생각합니다. ,"39. 나는 최근 자율주행 관련 이슈, 뉴스 등에 관심이 있습니다. "
231,48. 나는 교차로나 복잡한 구간에서는 직접 운전하는 것이 안전하다고 생각합니다. ,16. 내가 술을 마셨을 때 자율 주행 차량을 운전하는 것은 괜찮습니다. 
232,48. 나는 교차로나 복잡한 구간에서는 직접 운전하는 것이 안전하다고 생각합니다. ,5. 조건부 자율 주행 시스템이 책임질 것이기 때문에 나는 교통 법규를 위반해도 괜찮습니다. 
233,48. 나는 교차로나 복잡한 구간에서는 직접 운전하는 것이 안전하다고 생각합니다. ,22. 자율 주행 사고율이 높다고 하는 환경에서도 시스템이 작동만 한다면 나는 자율주행 모드로 주행하고 싶습니다. 
234,48. 나는 교차로나 복잡한 구간에서는 직접 운전하는 것이 안전하다고 생각합니다. ,35. 나는 자율주행 기술을 스릴을 느끼는 데 활용합니다(복잡한 주행 환경에서 기술 사용 등). 
235,48. 나는 교차로나 복잡한 구간에서는 직접 운전하는 것이 안전하다고 생각합니다. ,18. 자율 주행 차량을 운전할 때 빨간 불을 지나치는 것은 괜찮습니다. 
236,48. 나는 교차로나 복잡한 구간에서는 직접 운전하는 것이 안전하다고 생각합니다. ,8. 상용화된 자율 주행 시스템은 어떠한 문제도 일으키지 않을 것이라 믿습니다. 
237,48. 나는 교차로나 복잡한 구간에서는 직접 운전하는 것이 안전하다고 생각합니다. ,"13. 만약 차량 제어권 요청이 들어왔을 때, 내가 개입하지 않으면 자율 주행 시스템이 알아서 대응할 것이라고 믿습니다. "
238,48. 나는 교차로나 복잡한 구간에서는 직접 운전하는 것이 안전하다고 생각합니다. ,24. 나는 자율주행 시스템을 과도하게 신뢰합니다. 
239,48. 나는 교차로나 복잡한 구간에서는 직접 운전하는 것이 안전하다고 생각합니다. ,28. 나는 조건부 자율 주행 중에 졸리면 자도 된다고 생각합니다. 
240,48. 나는 교차로나 복잡한 구간에서는 직접 운전하는 것이 안전하다고 생각합니다. ,11. 사람의 감독 없이도 자율 주행 시스템이 거친 도로나 일방통행 도로를 알아서 주행할 것이라고 믿습니다. 
241,48. 나는 교차로나 복잡한 구간에서는 직접 운전하는 것이 안전하다고 생각합니다. ,17. 자율 주행 시스템이 부분적으로 오래됐거나 오작동하더라도 차량을 운전하는 것은 괜찮습니다. 
242,48. 나는 교차로나 복잡한 구간에서는 직접 운전하는 것이 안전하다고 생각합니다. ,33. 나는 자율주행 중 전방을 주시할 의무가 전혀 없다고 생각합니다. 
243,48. 나는 교차로나 복잡한 구간에서는 직접 운전하는 것이 안전하다고 생각합니다. ,34. 나는 돌발 상황이 생기면 운전자가 직접 나서지 않아도 자율주행 기술이 해결할 것이라고 믿습니다. 
244,48. 나는 교차로나 복잡한 구간에서는 직접 운전하는 것이 안전하다고 생각합니다. ,12. 자율 주행 시스템을 사용하다가 교통 법규를 위반하는 것은 차량 책임이기 때문에 신경 쓸 필요가 없습니다. 
245,48. 나는 교차로나 복잡한 구간에서는 직접 운전하는 것이 안전하다고 생각합니다. ,14. 제어권 전환 요청이 오더라도 즉각적으로 대응할 필요는 없다고 생각합니다. 
246,15. 나는 자율 주행 시스템의 한계를 이해하고 응급 상황에서의 절차를 이해하기 위해 상세한 훈련에 참여하길 원합니다. ,53. 나는 기상 악화나 야간 운전 시 자율주행 사용을 자제합니다. 
247,15. 나는 자율 주행 시스템의 한계를 이해하고 응급 상황에서의 절차를 이해하기 위해 상세한 훈련에 참여하길 원합니다. ,47. 나는 자율주행을 보조 수단으로 간주합니다. 
248,15. 나는 자율 주행 시스템의 한계를 이해하고 응급 상황에서의 절차를 이해하기 위해 상세한 훈련에 참여하길 원합니다. ,46. 나는 자율 주행 시스템이 돌발 상황에 완벽히 대응하지 못한다고 생각합니다. 
249,15. 나는 자율 주행 시스템의 한계를 이해하고 응급 상황에서의 절차를 이해하기 위해 상세한 훈련에 참여하길 원합니다. ,"39. 나는 최근 자율주행 관련 이슈, 뉴스 등에 관심이 있습니다. "
250,15. 나는 자율 주행 시스템의 한계를 이해하고 응급 상황에서의 절차를 이해하기 위해 상세한 훈련에 참여하길 원합니다. ,16. 내가 술을 마셨을 때 자율 주행 차량을 운전하는 것은 괜찮습니다. 
251,15. 나는 자율 주행 시스템의 한계를 이해하고 응급 상황에서의 절차를 이해하기 위해 상세한 훈련에 참여하길 원합니다. ,5. 조건부 자율 주행 시스템이 책임질 것이기 때문에 나는 교통 법규를 위반해도 괜찮습니다. 
252,15. 나는 자율 주행 시스템의 한계를 이해하고 응급 상황에서의 절차를 이해하기 위해 상세한 훈련에 참여하길 원합니다. ,22. 자율 주행 사고율이 높다고 하는 환경에서도 시스템이 작동만 한다면 나는 자율주행 모드로 주행하고 싶습니다. 
253,15. 나는 자율 주행 시스템의 한계를 이해하고 응급 상황에서의 절차를 이해하기 위해 상세한 훈련에 참여하길 원합니다. ,35. 나는 자율주행 기술을 스릴을 느끼는 데 활용합니다(복잡한 주행 환경에서 기술 사용 등). 
254,15. 나는 자율 주행 시스템의 한계를 이해하고 응급 상황에서의 절차를 이해하기 위해 상세한 훈련에 참여하길 원합니다. ,18. 자율 주행 차량을 운전할 때 빨간 불을 지나치는 것은 괜찮습니다. 
255,15. 나는 자율 주행 시스템의 한계를 이해하고 응급 상황에서의 절차를 이해하기 위해 상세한 훈련에 참여하길 원합니다. ,8. 상용화된 자율 주행 시스템은 어떠한 문제도 일으키지 않을 것이라 믿습니다. 
256,15. 나는 자율 주행 시스템의 한계를 이해하고 응급 상황에서의 절차를 이해하기 위해 상세한 훈련에 참여하길 원합니다. ,"13. 만약 차량 제어권 요청이 들어왔을 때, 내가 개입하지 않으면 자율 주행 시스템이 알아서 대응할 것이라고 믿습니다. "
257,15. 나는 자율 주행 시스템의 한계를 이해하고 응급 상황에서의 절차를 이해하기 위해 상세한 훈련에 참여하길 원합니다. ,24. 나는 자율주행 시스템을 과도하게 신뢰합니다. 
258,15. 나는 자율 주행 시스템의 한계를 이해하고 응급 상황에서의 절차를 이해하기 위해 상세한 훈련에 참여하길 원합니다. ,28. 나는 조건부 자율 주행 중에 졸리면 자도 된다고 생각합니다. 
259,15. 나는 자율 주행 시스템의 한계를 이해하고 응급 상황에서의 절차를 이해하기 위해 상세한 훈련에 참여하길 원합니다. ,11. 사람의 감독 없이도 자율 주행 시스템이 거친 도로나 일방통행 도로를 알아서 주행할 것이라고 믿습니다. 
260,15. 나는 자율 주행 시스템의 한계를 이해하고 응급 상황에서의 절차를 이해하기 위해 상세한 훈련에 참여하길 원합니다. ,17. 자율 주행 시스템이 부분적으로 오래됐거나 오작동하더라도 차량을 운전하는 것은 괜찮습니다. 
261,15. 나는 자율 주행 시스템의 한계를 이해하고 응급 상황에서의 절차를 이해하기 위해 상세한 훈련에 참여하길 원합니다. ,33. 나는 자율주행 중 전방을 주시할 의무가 전혀 없다고 생각합니다. 
262,15. 나는 자율 주행 시스템의 한계를 이해하고 응급 상황에서의 절차를 이해하기 위해 상세한 훈련에 참여하길 원합니다. ,34. 나는 돌발 상황이 생기면 운전자가 직접 나서지 않아도 자율주행 기술이 해결할 것이라고 믿습니다. 
263,15. 나는 자율 주행 시스템의 한계를 이해하고 응급 상황에서의 절차를 이해하기 위해 상세한 훈련에 참여하길 원합니다. ,12. 자율 주행 시스템을 사용하다가 교통 법규를 위반하는 것은 차량 책임이기 때문에 신경 쓸 필요가 없습니다. 
264,15. 나는 자율 주행 시스템의 한계를 이해하고 응급 상황에서의 절차를 이해하기 위해 상세한 훈련에 참여하길 원합니다. ,14. 제어권 전환 요청이 오더라도 즉각적으로 대응할 필요는 없다고 생각합니다. 
265,53. 나는 기상 악화나 야간 운전 시 자율주행 사용을 자제합니다. ,47. 나는 자율주행을 보조 수단으로 간주합니다. 
266,53. 나는 기상 악화나 야간 운전 시 자율주행 사용을 자제합니다. ,46. 나는 자율 주행 시스템이 돌발 상황에 완벽히 대응하지 못한다고 생각합니다. 
267,53. 나는 기상 악화나 야간 운전 시 자율주행 사용을 자제합니다. ,"39. 나는 최근 자율주행 관련 이슈, 뉴스 등에 관심이 있습니다. "
268,53. 나는 기상 악화나 야간 운전 시 자율주행 사용을 자제합니다. ,16. 내가 술을 마셨을 때 자율 주행 차량을 운전하는 것은 괜찮습니다. 
269,53. 나는 기상 악화나 야간 운전 시 자율주행 사용을 자제합니다. ,5. 조건부 자율 주행 시스템이 책임질 것이기 때문에 나는 교통 법규를 위반해도 괜찮습니다. 
270,53. 나는 기상 악화나 야간 운전 시 자율주행 사용을 자제합니다. ,22. 자율 주행 사고율이 높다고 하는 환경에서도 시스템이 작동만 한다면 나는 자율주행 모드로 주행하고 싶습니다. 
271,53. 나는 기상 악화나 야간 운전 시 자율주행 사용을 자제합니다. ,35. 나는 자율주행 기술을 스릴을 느끼는 데 활용합니다(복잡한 주행 환경에서 기술 사용 등). 
272,53. 나는 기상 악화나 야간 운전 시 자율주행 사용을 자제합니다. ,18. 자율 주행 차량을 운전할 때 빨간 불을 지나치는 것은 괜찮습니다. 
273,53. 나는 기상 악화나 야간 운전 시 자율주행 사용을 자제합니다. ,8. 상용화된 자율 주행 시스템은 어떠한 문제도 일으키지 않을 것이라 믿습니다. 
274,53. 나는 기상 악화나 야간 운전 시 자율주행 사용을 자제합니다. ,"13. 만약 차량 제어권 요청이 들어왔을 때, 내가 개입하지 않으면 자율 주행 시스템이 알아서 대응할 것이라고 믿습니다. "
275,53. 나는 기상 악화나 야간 운전 시 자율주행 사용을 자제합니다. ,24. 나는 자율주행 시스템을 과도하게 신뢰합니다. 
276,53. 나는 기상 악화나 야간 운전 시 자율주행 사용을 자제합니다. ,28. 나는 조건부 자율 주행 중에 졸리면 자도 된다고 생각합니다. 
277,53. 나는 기상 악화나 야간 운전 시 자율주행 사용을 자제합니다. ,11. 사람의 감독 없이도 자율 주행 시스템이 거친 도로나 일방통행 도로를 알아서 주행할 것이라고 믿습니다. 
278,53. 나는 기상 악화나 야간 운전 시 자율주행 사용을 자제합니다. ,17. 자율 주행 시스템이 부분적으로 오래됐거나 오작동하더라도 차량을 운전하는 것은 괜찮습니다. 
279,53. 나는 기상 악화나 야간 운전 시 자율주행 사용을 자제합니다. ,33. 나는 자율주행 중 전방을 주시할 의무가 전혀 없다고 생각합니다. 
280,53. 나는 기상 악화나 야간 운전 시 자율주행 사용을 자제합니다. ,34. 나는 돌발 상황이 생기면 운전자가 직접 나서지 않아도 자율주행 기술이 해결할 것이라고 믿습니다. 
281,53. 나는 기상 악화나 야간 운전 시 자율주행 사용을 자제합니다. ,12. 자율 주행 시스템을 사용하다가 교통 법규를 위반하는 것은 차량 책임이기 때문에 신경 쓸 필요가 없습니다. 
282,53. 나는 기상 악화나 야간 운전 시 자율주행 사용을 자제합니다. ,14. 제어권 전환 요청이 오더라도 즉각적으로 대응할 필요는 없다고 생각합니다. 
283,47. 나는 자율주행을 보조 수단으로 간주합니다. ,46. 나는 자율 주행 시스템이 돌발 상황에 완벽히 대응하지 못한다고 생각합니다. 
284,47. 나는 자율주행을 보조 수단으로 간주합니다. ,"39. 나는 최근 자율주행 관련 이슈, 뉴스 등에 관심이 있습니다. "
285,47. 나는 자율주행을 보조 수단으로 간주합니다. ,16. 내가 술을 마셨을 때 자율 주행 차량을 운전하는 것은 괜찮습니다. 
286,47. 나는 자율주행을 보조 수단으로 간주합니다. ,5. 조건부 자율 주행 시스템이 책임질 것이기 때문에 나는 교통 법규를 위반해도 괜찮습니다. 
287,47. 나는 자율주행을 보조 수단으로 간주합니다. ,22. 자율 주행 사고율이 높다고 하는 환경에서도 시스템이 작동만 한다면 나는 자율주행 모드로 주행하고 싶습니다. 
288,47. 나는 자율주행을 보조 수단으로 간주합니다. ,35. 나는 자율주행 기술을 스릴을 느끼는 데 활용합니다(복잡한 주행 환경에서 기술 사용 등). 
289,47. 나는 자율주행을 보조 수단으로 간주합니다. ,18. 자율 주행 차량을 운전할 때 빨간 불을 지나치는 것은 괜찮습니다. 
290,47. 나는 자율주행을 보조 수단으로 간주합니다. ,8. 상용화된 자율 주행 시스템은 어떠한 문제도 일으키지 않을 것이라 믿습니다. 
291,47. 나는 자율주행을 보조 수단으로 간주합니다. ,"13. 만약 차량 제어권 요청이 들어왔을 때, 내가 개입하지 않으면 자율 주행 시스템이 알아서 대응할 것이라고 믿습니다. "
292,47. 나는 자율주행을 보조 수단으로 간주합니다. ,24. 나는 자율주행 시스템을 과도하게 신뢰합니다. 
293,47. 나는 자율주행을 보조 수단으로 간주합니다. ,28. 나는 조건부 자율 주행 중에 졸리면 자도 된다고 생각합니다. 
294,47. 나는 자율주행을 보조 수단으로 간주합니다. ,11. 사람의 감독 없이도 자율 주행 시스템이 거친 도로나 일방통행 도로를 알아서 주행할 것이라고 믿습니다. 
295,47. 나는 자율주행을 보조 수단으로 간주합니다. ,17. 자율 주행 시스템이 부분적으로 오래됐거나 오작동하더라도 차량을 운전하는 것은 괜찮습니다. 
296,47. 나는 자율주행을 보조 수단으로 간주합니다. ,33. 나는 자율주행 중 전방을 주시할 의무가 전혀 없다고 생각합니다. 
297,47. 나는 자율주행을 보조 수단으로 간주합니다. ,34. 나는 돌발 상황이 생기면 운전자가 직접 나서지 않아도 자율주행 기술이 해결할 것이라고 믿습니다. 
298,47. 나는 자율주행을 보조 수단으로 간주합니다. ,12. 자율 주행 시스템을 사용하다가 교통 법규를 위반하는 것은 차량 책임이기 때문에 신경 쓸 필요가 없습니다. 
299,47. 나는 자율주행을 보조 수단으로 간주합니다. ,14. 제어권 전환 요청이 오더라도 즉각적으로 대응할 필요는 없다고 생각합니다. 
300,46. 나는 자율 주행 시스템이 돌발 상황에 완벽히 대응하지 못한다고 생각합니다. ,"39. 나는 최근 자율주행 관련 이슈, 뉴스 등에 관심이 있습니다. "
301,46. 나는 자율 주행 시스템이 돌발 상황에 완벽히 대응하지 못한다고 생각합니다. ,16. 내가 술을 마셨을 때 자율 주행 차량을 운전하는 것은 괜찮습니다. 
302,46. 나는 자율 주행 시스템이 돌발 상황에 완벽히 대응하지 못한다고 생각합니다. ,5. 조건부 자율 주행 시스템이 책임질 것이기 때문에 나는 교통 법규를 위반해도 괜찮습니다. 
303,46. 나는 자율 주행 시스템이 돌발 상황에 완벽히 대응하지 못한다고 생각합니다. ,22. 자율 주행 사고율이 높다고 하는 환경에서도 시스템이 작동만 한다면 나는 자율주행 모드로 주행하고 싶습니다. 
304,46. 나는 자율 주행 시스템이 돌발 상황에 완벽히 대응하지 못한다고 생각합니다. ,35. 나는 자율주행 기술을 스릴을 느끼는 데 활용합니다(복잡한 주행 환경에서 기술 사용 등). 
305,46. 나는 자율 주행 시스템이 돌발 상황에 완벽히 대응하지 못한다고 생각합니다. ,18. 자율 주행 차량을 운전할 때 빨간 불을 지나치는 것은 괜찮습니다. 
306,46. 나는 자율 주행 시스템이 돌발 상황에 완벽히 대응하지 못한다고 생각합니다. ,8. 상용화된 자율 주행 시스템은 어떠한 문제도 일으키지 않을 것이라 믿습니다. 
307,46. 나는 자율 주행 시스템이 돌발 상황에 완벽히 대응하지 못한다고 생각합니다. ,"13. 만약 차량 제어권 요청이 들어왔을 때, 내가 개입하지 않으면 자율 주행 시스템이 알아서 대응할 것이라고 믿습니다. "
308,46. 나는 자율 주행 시스템이 돌발 상황에 완벽히 대응하지 못한다고 생각합니다. ,24. 나는 자율주행 시스템을 과도하게 신뢰합니다. 
309,46. 나는 자율 주행 시스템이 돌발 상황에 완벽히 대응하지 못한다고 생각합니다. ,28. 나는 조건부 자율 주행 중에 졸리면 자도 된다고 생각합니다. 
310,46. 나는 자율 주행 시스템이 돌발 상황에 완벽히 대응하지 못한다고 생각합니다. ,11. 사람의 감독 없이도 자율 주행 시스템이 거친 도로나 일방통행 도로를 알아서 주행할 것이라고 믿습니다. 
311,46. 나는 자율 주행 시스템이 돌발 상황에 완벽히 대응하지 못한다고 생각합니다. ,17. 자율 주행 시스템이 부분적으로 오래됐거나 오작동하더라도 차량을 운전하는 것은 괜찮습니다. 
312,46. 나는 자율 주행 시스템이 돌발 상황에 완벽히 대응하지 못한다고 생각합니다. ,33. 나는 자율주행 중 전방을 주시할 의무가 전혀 없다고 생각합니다. 
313,46. 나는 자율 주행 시스템이 돌발 상황에 완벽히 대응하지 못한다고 생각합니다. ,34. 나는 돌발 상황이 생기면 운전자가 직접 나서지 않아도 자율주행 기술이 해결할 것이라고 믿습니다. 
314,46. 나는 자율 주행 시스템이 돌발 상황에 완벽히 대응하지 못한다고 생각합니다. ,12. 자율 주행 시스템을 사용하다가 교통 법규를 위반하는 것은 차량 책임이기 때문에 신경 쓸 필요가 없습니다. 
315,46. 나는 자율 주행 시스템이 돌발 상황에 완벽히 대응하지 못한다고 생각합니다. ,14. 제어권 전환 요청이 오더라도 즉각적으로 대응할 필요는 없다고 생각합니다. 
316,"39. 나는 최근 자율주행 관련 이슈, 뉴스 등에 관심이 있습니다. ",16. 내가 술을 마셨을 때 자율 주행 차량을 운전하는 것은 괜찮습니다. 
317,"39. 나는 최근 자율주행 관련 이슈, 뉴스 등에 관심이 있습니다. ",5. 조건부 자율 주행 시스템이 책임질 것이기 때문에 나는 교통 법규를 위반해도 괜찮습니다. 
318,"39. 나는 최근 자율주행 관련 이슈, 뉴스 등에 관심이 있습니다. ",22. 자율 주행 사고율이 높다고 하는 환경에서도 시스템이 작동만 한다면 나는 자율주행 모드로 주행하고 싶습니다. 
319,"39. 나는 최근 자율주행 관련 이슈, 뉴스 등에 관심이 있습니다. ",35. 나는 자율주행 기술을 스릴을 느끼는 데 활용합니다(복잡한 주행 환경에서 기술 사용 등). 
320,"39. 나는 최근 자율주행 관련 이슈, 뉴스 등에 관심이 있습니다. ",18. 자율 주행 차량을 운전할 때 빨간 불을 지나치는 것은 괜찮습니다. 
321,"39. 나는 최근 자율주행 관련 이슈, 뉴스 등에 관심이 있습니다. ",8. 상용화된 자율 주행 시스템은 어떠한 문제도 일으키지 않을 것이라 믿습니다. 
322,"39. 나는 최근 자율주행 관련 이슈, 뉴스 등에 관심이 있습니다. ","13. 만약 차량 제어권 요청이 들어왔을 때, 내가 개입하지 않으면 자율 주행 시스템이 알아서 대응할 것이라고 믿습니다. "
323,"39. 나는 최근 자율주행 관련 이슈, 뉴스 등에 관심이 있습니다. ",24. 나는 자율주행 시스템을 과도하게 신뢰합니다. 
324,"39. 나는 최근 자율주행 관련 이슈, 뉴스 등에 관심이 있습니다. ",28. 나는 조건부 자율 주행 중에 졸리면 자도 된다고 생각합니다. 
325,"39. 나는 최근 자율주행 관련 이슈, 뉴스 등에 관심이 있습니다. ",11. 사람의 감독 없이도 자율 주행 시스템이 거친 도로나 일방통행 도로를 알아서 주행할 것이라고 믿습니다. 
326,"39. 나는 최근 자율주행 관련 이슈, 뉴스 등에 관심이 있습니다. ",17. 자율 주행 시스템이 부분적으로 오래됐거나 오작동하더라도 차량을 운전하는 것은 괜찮습니다. 
327,"39. 나는 최근 자율주행 관련 이슈, 뉴스 등에 관심이 있습니다. ",33. 나는 자율주행 중 전방을 주시할 의무가 전혀 없다고 생각합니다. 
328,"39. 나는 최근 자율주행 관련 이슈, 뉴스 등에 관심이 있습니다. ",34. 나는 돌발 상황이 생기면 운전자가 직접 나서지 않아도 자율주행 기술이 해결할 것이라고 믿습니다. 
329,"39. 나는 최근 자율주행 관련 이슈, 뉴스 등에 관심이 있습니다. ",12. 자율 주행 시스템을 사용하다가 교통 법규를 위반하는 것은 차량 책임이기 때문에 신경 쓸 필요가 없습니다. 
330,"39. 나는 최근 자율주행 관련 이슈, 뉴스 등에 관심이 있습니다. ",14. 제어권 전환 요청이 오더라도 즉각적으로 대응할 필요는 없다고 생각합니다. 
331,16. 내가 술을 마셨을 때 자율 주행 차량을 운전하는 것은 괜찮습니다. ,5. 조건부 자율 주행 시스템이 책임질 것이기 때문에 나는 교통 법규를 위반해도 괜찮습니다. 
332,16. 내가 술을 마셨을 때 자율 주행 차량을 운전하는 것은 괜찮습니다. ,22. 자율 주행 사고율이 높다고 하는 환경에서도 시스템이 작동만 한다면 나는 자율주행 모드로 주행하고 싶습니다. 
333,16. 내가 술을 마셨을 때 자율 주행 차량을 운전하는 것은 괜찮습니다. ,35. 나는 자율주행 기술을 스릴을 느끼는 데 활용합니다(복잡한 주행 환경에서 기술 사용 등). 
334,16. 내가 술을 마셨을 때 자율 주행 차량을 운전하는 것은 괜찮습니다. ,18. 자율 주행 차량을 운전할 때 빨간 불을 지나치는 것은 괜찮습니다. 
335,16. 내가 술을 마셨을 때 자율 주행 차량을 운전하는 것은 괜찮습니다. ,8. 상용화된 자율 주행 시스템은 어떠한 문제도 일으키지 않을 것이라 믿습니다. 
336,16. 내가 술을 마셨을 때 자율 주행 차량을 운전하는 것은 괜찮습니다. ,"13. 만약 차량 제어권 요청이 들어왔을 때, 내가 개입하지 않으면 자율 주행 시스템이 알아서 대응할 것이라고 믿습니다. "
337,16. 내가 술을 마셨을 때 자율 주행 차량을 운전하는 것은 괜찮습니다. ,24. 나는 자율주행 시스템을 과도하게 신뢰합니다. 
338,16. 내가 술을 마셨을 때 자율 주행 차량을 운전하는 것은 괜찮습니다. ,28. 나는 조건부 자율 주행 중에 졸리면 자도 된다고 생각합니다. 
339,16. 내가 술을 마셨을 때 자율 주행 차량을 운전하는 것은 괜찮습니다. ,11. 사람의 감독 없이도 자율 주행 시스템이 거친 도로나 일방통행 도로를 알아서 주행할 것이라고 믿습니다. 
340,16. 내가 술을 마셨을 때 자율 주행 차량을 운전하는 것은 괜찮습니다. ,17. 자율 주행 시스템이 부분적으로 오래됐거나 오작동하더라도 차량을 운전하는 것은 괜찮습니다. 
341,16. 내가 술을 마셨을 때 자율 주행 차량을 운전하는 것은 괜찮습니다. ,33. 나는 자율주행 중 전방을 주시할 의무가 전혀 없다고 생각합니다. 
342,16. 내가 술을 마셨을 때 자율 주행 차량을 운전하는 것은 괜찮습니다. ,34. 나는 돌발 상황이 생기면 운전자가 직접 나서지 않아도 자율주행 기술이 해결할 것이라고 믿습니다. 
343,16. 내가 술을 마셨을 때 자율 주행 차량을 운전하는 것은 괜찮습니다. ,12. 자율 주행 시스템을 사용하다가 교통 법규를 위반하는 것은 차량 책임이기 때문에 신경 쓸 필요가 없습니다. 
344,16. 내가 술을 마셨을 때 자율 주행 차량을 운전하는 것은 괜찮습니다. ,14. 제어권 전환 요청이 오더라도 즉각적으로 대응할 필요는 없다고 생각합니다. 
345,5. 조건부 자율 주행 시스템이 책임질 것이기 때문에 나는 교통 법규를 위반해도 괜찮습니다. ,22. 자율 주행 사고율이 높다고 하는 환경에서도 시스템이 작동만 한다면 나는 자율주행 모드로 주행하고 싶습니다. 
346,5. 조건부 자율 주행 시스템이 책임질 것이기 때문에 나는 교통 법규를 위반해도 괜찮습니다. ,35. 나는 자율주행 기술을 스릴을 느끼는 데 활용합니다(복잡한 주행 환경에서 기술 사용 등). 
347,5. 조건부 자율 주행 시스템이 책임질 것이기 때문에 나는 교통 법규를 위반해도 괜찮습니다. ,18. 자율 주행 차량을 운전할 때 빨간 불을 지나치는 것은 괜찮습니다. 
348,5. 조건부 자율 주행 시스템이 책임질 것이기 때문에 나는 교통 법규를 위반해도 괜찮습니다. ,8. 상용화된 자율 주행 시스템은 어떠한 문제도 일으키지 않을 것이라 믿습니다. 
349,5. 조건부 자율 주행 시스템이 책임질 것이기 때문에 나는 교통 법규를 위반해도 괜찮습니다. ,"13. 만약 차량 제어권 요청이 들어왔을 때, 내가 개입하지 않으면 자율 주행 시스템이 알아서 대응할 것이라고 믿습니다. "
350,5. 조건부 자율 주행 시스템이 책임질 것이기 때문에 나는 교통 법규를 위반해도 괜찮습니다. ,24. 나는 자율주행 시스템을 과도하게 신뢰합니다. 
351,5. 조건부 자율 주행 시스템이 책임질 것이기 때문에 나는 교통 법규를 위반해도 괜찮습니다. ,28. 나는 조건부 자율 주행 중에 졸리면 자도 된다고 생각합니다. 
352,5. 조건부 자율 주행 시스템이 책임질 것이기 때문에 나는 교통 법규를 위반해도 괜찮습니다. ,11. 사람의 감독 없이도 자율 주행 시스템이 거친 도로나 일방통행 도로를 알아서 주행할 것이라고 믿습니다. 
353,5. 조건부 자율 주행 시스템이 책임질 것이기 때문에 나는 교통 법규를 위반해도 괜찮습니다. ,17. 자율 주행 시스템이 부분적으로 오래됐거나 오작동하더라도 차량을 운전하는 것은 괜찮습니다. 
354,5. 조건부 자율 주행 시스템이 책임질 것이기 때문에 나는 교통 법규를 위반해도 괜찮습니다. ,33. 나는 자율주행 중 전방을 주시할 의무가 전혀 없다고 생각합니다. 
355,5. 조건부 자율 주행 시스템이 책임질 것이기 때문에 나는 교통 법규를 위반해도 괜찮습니다. ,34. 나는 돌발 상황이 생기면 운전자가 직접 나서지 않아도 자율주행 기술이 해결할 것이라고 믿습니다. 
356,5. 조건부 자율 주행 시스템이 책임질 것이기 때문에 나는 교통 법규를 위반해도 괜찮습니다. ,12. 자율 주행 시스템을 사용하다가 교통 법규를 위반하는 것은 차량 책임이기 때문에 신경 쓸 필요가 없습니다. 
357,5. 조건부 자율 주행 시스템이 책임질 것이기 때문에 나는 교통 법규를 위반해도 괜찮습니다. ,14. 제어권 전환 요청이 오더라도 즉각적으로 대응할 필요는 없다고 생각합니다. 
358,22. 자율 주행 사고율이 높다고 하는 환경에서도 시스템이 작동만 한다면 나는 자율주행 모드로 주행하고 싶습니다. ,35. 나는 자율주행 기술을 스릴을 느끼는 데 활용합니다(복잡한 주행 환경에서 기술 사용 등). 
359,22. 자율 주행 사고율이 높다고 하는 환경에서도 시스템이 작동만 한다면 나는 자율주행 모드로 주행하고 싶습니다. ,18. 자율 주행 차량을 운전할 때 빨간 불을 지나치는 것은 괜찮습니다. 
360,22. 자율 주행 사고율이 높다고 하는 환경에서도 시스템이 작동만 한다면 나는 자율주행 모드로 주행하고 싶습니다. ,8. 상용화된 자율 주행 시스템은 어떠한 문제도 일으키지 않을 것이라 믿습니다. 
361,22. 자율 주행 사고율이 높다고 하는 환경에서도 시스템이 작동만 한다면 나는 자율주행 모드로 주행하고 싶습니다. ,"13. 만약 차량 제어권 요청이 들어왔을 때, 내가 개입하지 않으면 자율 주행 시스템이 알아서 대응할 것이라고 믿습니다. "
362,22. 자율 주행 사고율이 높다고 하는 환경에서도 시스템이 작동만 한다면 나는 자율주행 모드로 주행하고 싶습니다. ,24. 나는 자율주행 시스템을 과도하게 신뢰합니다. 
363,22. 자율 주행 사고율이 높다고 하는 환경에서도 시스템이 작동만 한다면 나는 자율주행 모드로 주행하고 싶습니다. ,28. 나는 조건부 자율 주행 중에 졸리면 자도 된다고 생각합니다. 
364,22. 자율 주행 사고율이 높다고 하는 환경에서도 시스템이 작동만 한다면 나는 자율주행 모드로 주행하고 싶습니다. ,11. 사람의 감독 없이도 자율 주행 시스템이 거친 도로나 일방통행 도로를 알아서 주행할 것이라고 믿습니다. 
365,22. 자율 주행 사고율이 높다고 하는 환경에서도 시스템이 작동만 한다면 나는 자율주행 모드로 주행하고 싶습니다. ,17. 자율 주행 시스템이 부분적으로 오래됐거나 오작동하더라도 차량을 운전하는 것은 괜찮습니다. 
366,22. 자율 주행 사고율이 높다고 하는 환경에서도 시스템이 작동만 한다면 나는 자율주행 모드로 주행하고 싶습니다. ,33. 나는 자율주행 중 전방을 주시할 의무가 전혀 없다고 생각합니다. 
367,22. 자율 주행 사고율이 높다고 하는 환경에서도 시스템이 작동만 한다면 나는 자율주행 모드로 주행하고 싶습니다. ,34. 나는 돌발 상황이 생기면 운전자가 직접 나서지 않아도 자율주행 기술이 해결할 것이라고 믿습니다. 
368,22. 자율 주행 사고율이 높다고 하는 환경에서도 시스템이 작동만 한다면 나는 자율주행 모드로 주행하고 싶습니다. ,12. 자율 주행 시스템을 사용하다가 교통 법규를 위반하는 것은 차량 책임이기 때문에 신경 쓸 필요가 없습니다. 
369,22. 자율 주행 사고율이 높다고 하는 환경에서도 시스템이 작동만 한다면 나는 자율주행 모드로 주행하고 싶습니다. ,14. 제어권 전환 요청이 오더라도 즉각적으로 대응할 필요는 없다고 생각합니다. 
370,35. 나는 자율주행 기술을 스릴을 느끼는 데 활용합니다(복잡한 주행 환경에서 기술 사용 등). ,18. 자율 주행 차량을 운전할 때 빨간 불을 지나치는 것은 괜찮습니다. 
371,35. 나는 자율주행 기술을 스릴을 느끼는 데 활용합니다(복잡한 주행 환경에서 기술 사용 등). ,8. 상용화된 자율 주행 시스템은 어떠한 문제도 일으키지 않을 것이라 믿습니다. 
372,35. 나는 자율주행 기술을 스릴을 느끼는 데 활용합니다(복잡한 주행 환경에서 기술 사용 등). ,"13. 만약 차량 제어권 요청이 들어왔을 때, 내가 개입하지 않으면 자율 주행 시스템이 알아서 대응할 것이라고 믿습니다. "
373,35. 나는 자율주행 기술을 스릴을 느끼는 데 활용합니다(복잡한 주행 환경에서 기술 사용 등). ,24. 나는 자율주행 시스템을 과도하게 신뢰합니다. 
374,35. 나는 자율주행 기술을 스릴을 느끼는 데 활용합니다(복잡한 주행 환경에서 기술 사용 등). ,28. 나는 조건부 자율 주행 중에 졸리면 자도 된다고 생각합니다. 
375,35. 나는 자율주행 기술을 스릴을 느끼는 데 활용합니다(복잡한 주행 환경에서 기술 사용 등). ,11. 사람의 감독 없이도 자율 주행 시스템이 거친 도로나 일방통행 도로를 알아서 주행할 것이라고 믿습니다. 
376,35. 나는 자율주행 기술을 스릴을 느끼는 데 활용합니다(복잡한 주행 환경에서 기술 사용 등). ,17. 자율 주행 시스템이 부분적으로 오래됐거나 오작동하더라도 차량을 운전하는 것은 괜찮습니다. 
377,35. 나는 자율주행 기술을 스릴을 느끼는 데 활용합니다(복잡한 주행 환경에서 기술 사용 등). ,33. 나는 자율주행 중 전방을 주시할 의무가 전혀 없다고 생각합니다. 
378,35. 나는 자율주행 기술을 스릴을 느끼는 데 활용합니다(복잡한 주행 환경에서 기술 사용 등). ,34. 나는 돌발 상황이 생기면 운전자가 직접 나서지 않아도 자율주행 기술이 해결할 것이라고 믿습니다. 
379,35. 나는 자율주행 기술을 스릴을 느끼는 데 활용합니다(복잡한 주행 환경에서 기술 사용 등). ,12. 자율 주행 시스템을 사용하다가 교통 법규를 위반하는 것은 차량 책임이기 때문에 신경 쓸 필요가 없습니다. 
380,35. 나는 자율주행 기술을 스릴을 느끼는 데 활용합니다(복잡한 주행 환경에서 기술 사용 등). ,14. 제어권 전환 요청이 오더라도 즉각적으로 대응할 필요는 없다고 생각합니다. 
381,18. 자율 주행 차량을 운전할 때 빨간 불을 지나치는 것은 괜찮습니다. ,8. 상용화된 자율 주행 시스템은 어떠한 문제도 일으키지 않을 것이라 믿습니다. 
382,18. 자율 주행 차량을 운전할 때 빨간 불을 지나치는 것은 괜찮습니다. ,"13. 만약 차량 제어권 요청이 들어왔을 때, 내가 개입하지 않으면 자율 주행 시스템이 알아서 대응할 것이라고 믿습니다. "
383,18. 자율 주행 차량을 운전할 때 빨간 불을 지나치는 것은 괜찮습니다. ,24. 나는 자율주행 시스템을 과도하게 신뢰합니다. 
384,18. 자율 주행 차량을 운전할 때 빨간 불을 지나치는 것은 괜찮습니다. ,28. 나는 조건부 자율 주행 중에 졸리면 자도 된다고 생각합니다. 
385,18. 자율 주행 차량을 운전할 때 빨간 불을 지나치는 것은 괜찮습니다. ,11. 사람의 감독 없이도 자율 주행 시스템이 거친 도로나 일방통행 도로를 알아서 주행할 것이라고 믿습니다. 
386,18. 자율 주행 차량을 운전할 때 빨간 불을 지나치는 것은 괜찮습니다. ,17. 자율 주행 시스템이 부분적으로 오래됐거나 오작동하더라도 차량을 운전하는 것은 괜찮습니다. 
387,18. 자율 주행 차량을 운전할 때 빨간 불을 지나치는 것은 괜찮습니다. ,33. 나는 자율주행 중 전방을 주시할 의무가 전혀 없다고 생각합니다. 
388,18. 자율 주행 차량을 운전할 때 빨간 불을 지나치는 것은 괜찮습니다. ,34. 나는 돌발 상황이 생기면 운전자가 직접 나서지 않아도 자율주행 기술이 해결할 것이라고 믿습니다. 
389,18. 자율 주행 차량을 운전할 때 빨간 불을 지나치는 것은 괜찮습니다. ,12. 자율 주행 시스템을 사용하다가 교통 법규를 위반하는 것은 차량 책임이기 때문에 신경 쓸 필요가 없습니다. 
390,18. 자율 주행 차량을 운전할 때 빨간 불을 지나치는 것은 괜찮습니다. ,14. 제어권 전환 요청이 오더라도 즉각적으로 대응할 필요는 없다고 생각합니다. 
391,8. 상용화된 자율 주행 시스템은 어떠한 문제도 일으키지 않을 것이라 믿습니다. ,"13. 만약 차량 제어권 요청이 들어왔을 때, 내가 개입하지 않으면 자율 주행 시스템이 알아서 대응할 것이라고 믿습니다. "
392,8. 상용화된 자율 주행 시스템은 어떠한 문제도 일으키지 않을 것이라 믿습니다. ,24. 나는 자율주행 시스템을 과도하게 신뢰합니다. 
393,8. 상용화된 자율 주행 시스템은 어떠한 문제도 일으키지 않을 것이라 믿습니다. ,28. 나는 조건부 자율 주행 중에 졸리면 자도 된다고 생각합니다. 
394,8. 상용화된 자율 주행 시스템은 어떠한 문제도 일으키지 않을 것이라 믿습니다. ,11. 사람의 감독 없이도 자율 주행 시스템이 거친 도로나 일방통행 도로를 알아서 주행할 것이라고 믿습니다. 
395,8. 상용화된 자율 주행 시스템은 어떠한 문제도 일으키지 않을 것이라 믿습니다. ,17. 자율 주행 시스템이 부분적으로 오래됐거나 오작동하더라도 차량을 운전하는 것은 괜찮습니다. 
396,8. 상용화된 자율 주행 시스템은 어떠한 문제도 일으키지 않을 것이라 믿습니다. ,33. 나는 자율주행 중 전방을 주시할 의무가 전혀 없다고 생각합니다. 
397,8. 상용화된 자율 주행 시스템은 어떠한 문제도 일으키지 않을 것이라 믿습니다. ,34. 나는 돌발 상황이 생기면 운전자가 직접 나서지 않아도 자율주행 기술이 해결할 것이라고 믿습니다. 
398,8. 상용화된 자율 주행 시스템은 어떠한 문제도 일으키지 않을 것이라 믿습니다. ,12. 자율 주행 시스템을 사용하다가 교통 법규를 위반하는 것은 차량 책임이기 때문에 신경 쓸 필요가 없습니다. 
399,8. 상용화된 자율 주행 시스템은 어떠한 문제도 일으키지 않을 것이라 믿습니다. ,14. 제어권 전환 요청이 오더라도 즉각적으로 대응할 필요는 없다고 생각합니다. 
400,"13. 만약 차량 제어권 요청이 들어왔을 때, 내가 개입하지 않으면 자율 주행 시스템이 알아서 대응할 것이라고 믿습니다. ",24. 나는 자율주행 시스템을 과도하게 신뢰합니다. 
401,"13. 만약 차량 제어권 요청이 들어왔을 때, 내가 개입하지 않으면 자율 주행 시스템이 알아서 대응할 것이라고 믿습니다. ",28. 나는 조건부 자율 주행 중에 졸리면 자도 된다고 생각합니다. 
402,"13. 만약 차량 제어권 요청이 들어왔을 때, 내가 개입하지 않으면 자율 주행 시스템이 알아서 대응할 것이라고 믿습니다. ",11. 사람의 감독 없이도 자율 주행 시스템이 거친 도로나 일방통행 도로를 알아서 주행할 것이라고 믿습니다. 
403,"13. 만약 차량 제어권 요청이 들어왔을 때, 내가 개입하지 않으면 자율 주행 시스템이 알아서 대응할 것이라고 믿습니다. ",17. 자율 주행 시스템이 부분적으로 오래됐거나 오작동하더라도 차량을 운전하는 것은 괜찮습니다. 
404,"13. 만약 차량 제어권 요청이 들어왔을 때, 내가 개입하지 않으면 자율 주행 시스템이 알아서 대응할 것이라고 믿습니다. ",33. 나는 자율주행 중 전방을 주시할 의무가 전혀 없다고 생각합니다. 
405,"13. 만약 차량 제어권 요청이 들어왔을 때, 내가 개입하지 않으면 자율 주행 시스템이 알아서 대응할 것이라고 믿습니다. ",34. 나는 돌발 상황이 생기면 운전자가 직접 나서지 않아도 자율주행 기술이 해결할 것이라고 믿습니다. 
406,"13. 만약 차량 제어권 요청이 들어왔을 때, 내가 개입하지 않으면 자율 주행 시스템이 알아서 대응할 것이라고 믿습니다. ",12. 자율 주행 시스템을 사용하다가 교통 법규를 위반하는 것은 차량 책임이기 때문에 신경 쓸 필요가 없습니다. 
407,"13. 만약 차량 제어권 요청이 들어왔을 때, 내가 개입하지 않으면 자율 주행 시스템이 알아서 대응할 것이라고 믿습니다. ",14. 제어권 전환 요청이 오더라도 즉각적으로 대응할 필요는 없다고 생각합니다. 
408,24. 나는 자율주행 시스템을 과도하게 신뢰합니다. ,28. 나는 조건부 자율 주행 중에 졸리면 자도 된다고 생각합니다. 
409,24. 나는 자율주행 시스템을 과도하게 신뢰합니다. ,11. 사람의 감독 없이도 자율 주행 시스템이 거친 도로나 일방통행 도로를 알아서 주행할 것이라고 믿습니다. 
410,24. 나는 자율주행 시스템을 과도하게 신뢰합니다. ,17. 자율 주행 시스템이 부분적으로 오래됐거나 오작동하더라도 차량을 운전하는 것은 괜찮습니다. 
411,24. 나는 자율주행 시스템을 과도하게 신뢰합니다. ,33. 나는 자율주행 중 전방을 주시할 의무가 전혀 없다고 생각합니다. 
412,24. 나는 자율주행 시스템을 과도하게 신뢰합니다. ,34. 나는 돌발 상황이 생기면 운전자가 직접 나서지 않아도 자율주행 기술이 해결할 것이라고 믿습니다. 
413,24. 나는 자율주행 시스템을 과도하게 신뢰합니다. ,12. 자율 주행 시스템을 사용하다가 교통 법규를 위반하는 것은 차량 책임이기 때문에 신경 쓸 필요가 없습니다. 
414,24. 나는 자율주행 시스템을 과도하게 신뢰합니다. ,14. 제어권 전환 요청이 오더라도 즉각적으로 대응할 필요는 없다고 생각합니다. 
415,28. 나는 조건부 자율 주행 중에 졸리면 자도 된다고 생각합니다. ,11. 사람의 감독 없이도 자율 주행 시스템이 거친 도로나 일방통행 도로를 알아서 주행할 것이라고 믿습니다. 
416,28. 나는 조건부 자율 주행 중에 졸리면 자도 된다고 생각합니다. ,17. 자율 주행 시스템이 부분적으로 오래됐거나 오작동하더라도 차량을 운전하는 것은 괜찮습니다. 
417,28. 나는 조건부 자율 주행 중에 졸리면 자도 된다고 생각합니다. ,33. 나는 자율주행 중 전방을 주시할 의무가 전혀 없다고 생각합니다. 
418,28. 나는 조건부 자율 주행 중에 졸리면 자도 된다고 생각합니다. ,34. 나는 돌발 상황이 생기면 운전자가 직접 나서지 않아도 자율주행 기술이 해결할 것이라고 믿습니다. 
419,28. 나는 조건부 자율 주행 중에 졸리면 자도 된다고 생각합니다. ,12. 자율 주행 시스템을 사용하다가 교통 법규를 위반하는 것은 차량 책임이기 때문에 신경 쓸 필요가 없습니다. 
420,28. 나는 조건부 자율 주행 중에 졸리면 자도 된다고 생각합니다. ,14. 제어권 전환 요청이 오더라도 즉각적으로 대응할 필요는 없다고 생각합니다. 
421,11. 사람의 감독 없이도 자율 주행 시스템이 거친 도로나 일방통행 도로를 알아서 주행할 것이라고 믿습니다. ,17. 자율 주행 시스템이 부분적으로 오래됐거나 오작동하더라도 차량을 운전하는 것은 괜찮습니다. 
422,11. 사람의 감독 없이도 자율 주행 시스템이 거친 도로나 일방통행 도로를 알아서 주행할 것이라고 믿습니다. ,33. 나는 자율주행 중 전방을 주시할 의무가 전혀 없다고 생각합니다. 
423,11. 사람의 감독 없이도 자율 주행 시스템이 거친 도로나 일방통행 도로를 알아서 주행할 것이라고 믿습니다. ,34. 나는 돌발 상황이 생기면 운전자가 직접 나서지 않아도 자율주행 기술이 해결할 것이라고 믿습니다. 
424,11. 사람의 감독 없이도 자율 주행 시스템이 거친 도로나 일방통행 도로를 알아서 주행할 것이라고 믿습니다. ,12. 자율 주행 시스템을 사용하다가 교통 법규를 위반하는 것은 차량 책임이기 때문에 신경 쓸 필요가 없습니다. 
425,11. 사람의 감독 없이도 자율 주행 시스템이 거친 도로나 일방통행 도로를 알아서 주행할 것이라고 믿습니다. ,14. 제어권 전환 요청이 오더라도 즉각적으로 대응할 필요는 없다고 생각합니다. 
426,17. 자율 주행 시스템이 부분적으로 오래됐거나 오작동하더라도 차량을 운전하는 것은 괜찮습니다. ,33. 나는 자율주행 중 전방을 주시할 의무가 전혀 없다고 생각합니다. 
427,17. 자율 주행 시스템이 부분적으로 오래됐거나 오작동하더라도 차량을 운전하는 것은 괜찮습니다. ,34. 나는 돌발 상황이 생기면 운전자가 직접 나서지 않아도 자율주행 기술이 해결할 것이라고 믿습니다. 
428,17. 자율 주행 시스템이 부분적으로 오래됐거나 오작동하더라도 차량을 운전하는 것은 괜찮습니다. ,12. 자율 주행 시스템을 사용하다가 교통 법규를 위반하는 것은 차량 책임이기 때문에 신경 쓸 필요가 없습니다. 
429,17. 자율 주행 시스템이 부분적으로 오래됐거나 오작동하더라도 차량을 운전하는 것은 괜찮습니다. ,14. 제어권 전환 요청이 오더라도 즉각적으로 대응할 필요는 없다고 생각합니다. 
430,33. 나는 자율주행 중 전방을 주시할 의무가 전혀 없다고 생각합니다. ,34. 나는 돌발 상황이 생기면 운전자가 직접 나서지 않아도 자율주행 기술이 해결할 것이라고 믿습니다. 
431,33. 나는 자율주행 중 전방을 주시할 의무가 전혀 없다고 생각합니다. ,12. 자율 주행 시스템을 사용하다가 교통 법규를 위반하는 것은 차량 책임이기 때문에 신경 쓸 필요가 없습니다. 
432,33. 나는 자율주행 중 전방을 주시할 의무가 전혀 없다고 생각합니다. ,14. 제어권 전환 요청이 오더라도 즉각적으로 대응할 필요는 없다고 생각합니다. 
433,34. 나는 돌발 상황이 생기면 운전자가 직접 나서지 않아도 자율주행 기술이 해결할 것이라고 믿습니다. ,12. 자율 주행 시스템을 사용하다가 교통 법규를 위반하는 것은 차량 책임이기 때문에 신경 쓸 필요가 없습니다. 
434,34. 나는 돌발 상황이 생기면 운전자가 직접 나서지 않아도 자율주행 기술이 해결할 것이라고 믿습니다. ,14. 제어권 전환 요청이 오더라도 즉각적으로 대응할 필요는 없다고 생각합니다. 
435,12. 자율 주행 시스템을 사용하다가 교통 법규를 위반하는 것은 차량 책임이기 때문에 신경 쓸 필요가 없습니다. ,14. 제어권 전환 요청이 오더라도 즉각적으로 대응할 필요는 없다고 생각합니다. 
